Date,SSE50,CSI300,CSI500
2012/1/4,1595.12,2298.75,3192.23
2012/1/5,1596.59,2276.39,3074.37
2012/1/6,1608.36,2290.6,3087.55
2012/1/9,1659.05,2368.57,3212.9
2012/1/10,1704.74,2447.35,3345.39
2012/1/11,1694.26,2435.61,3346.74
2012/1/12,1701.45,2435.22,3345.81
2012/1/13,1685.91,2394.33,3233.7
2012/1/16,1661.99,2345.65,3130.56
2012/1/17,1736.61,2460.6,3304.88
2012/1/18,1714.7,2422.19,3237.85
2012/1/19,1750.52,2468.35,3270.77
2012/1/20,1775.09,2504.09,3315.6
2012/1/30,1742.82,2460.72,3292.41
2012/1/31,1744.71,2464.26,3294.49
2012/2/1,1713.68,2428.99,3266.23
2012/2/2,1761.94,2486.24,3328.15
2012/2/3,1772.19,2506.09,3383.05
2012/2/6,1764.82,2504.32,3412.41
2012/2/7,1732.02,2457.95,3356.84
2012/2/8,1782.06,2528.24,3445.52
2012/2/9,1778.1,2529.23,3469.85
2012/2/10,1778.32,2533.62,3488.23
2012/2/13,1768.54,2531.98,3519.88
2012/2/14,1758.98,2522.11,3524.63
2012/2/15,1773.17,2549.61,3578.15
2012/2/16,1761.88,2536.07,3577.2
2012/2/17,1765.65,2537.09,3565.31
2012/2/20,1769.41,2540.71,3574.46
2012/2/21,1779.94,2562.45,3618.3
2012/2/22,1795.26,2597.48,3689
2012/2/23,1799.64,2606.26,3700.89
2012/2/24,1826.72,2648.02,3756.83
2012/2/27,1828.41,2656.57,3764.33
2012/2/28,1839.06,2662.46,3745.58
2012/2/29,1822.77,2634.14,3696.14
2012/3/1,1818.28,2633.35,3715.67
2012/3/2,1843.85,2679.93,3794.42
2012/3/5,1827.94,2662.7,3798.38
2012/3/6,1794.26,2621.05,3760.59
2012/3/7,1776.36,2603.01,3732.71
2012/3/8,1798.1,2635.79,3791.83
2012/3/9,1811.49,2664.3,3848.11
2012/3/12,1796.94,2654.4,3871.12
2012/3/13,1813.2,2681.07,3910.06
2012/3/14,1776.41,2605.11,3734.32
2012/3/15,1760.48,2585.55,3689.01
2012/3/16,1780.08,2623.52,3786.62
2012/3/19,1778.98,2630.01,3829.7
2012/3/20,1755.73,2584.45,3746.28
2012/3/21,1758.62,2587.79,3760.05
2012/3/22,1760.34,2583.75,3742.39
2012/3/23,1747.92,2552.94,3670.13
2012/3/26,1749.89,2555.44,3666.28
2012/3/27,1749.19,2547.14,3652.88
2012/3/28,1708.85,2474.9,3490.01
2012/3/29,1688.09,2443.12,3425.7
2012/3/30,1705.63,2454.9,3416.86
2012/4/5,1735.28,2512.83,3531.55
2012/4/6,1737.51,2519.83,3554.03
2012/4/9,1721.43,2495.15,3512.91
2012/4/10,1736.24,2519.79,3554.04
2012/4/11,1734.59,2520.04,3566.48
2012/4/12,1770.95,2570.44,3640.41
2012/4/13,1777.07,2580.45,3675.03
2012/4/16,1770.68,2574.04,3685.48
2012/4/17,1749.4,2541.88,3631.56
2012/4/18,1789.63,2599.91,3714.02
2012/4/19,1791.38,2596.06,3704.71
2012/4/20,1815.88,2626.84,3736.37
2012/4/23,1799.91,2606.04,3691.57
2012/4/24,1808.86,2604.87,3666.4
2012/4/25,1819.22,2625.99,3718.91
2012/4/26,1822.21,2631.49,3700.03
2012/4/27,1822.54,2626.16,3664.64
2012/5/2,1862.76,2683.49,3718.26
2012/5/3,1864.3,2691.52,3733.82
2012/5/4,1876.66,2715.88,3758
2012/5/7,1866.62,2717.78,3784.56
2012/5/8,1862.4,2709.12,3783.47
2012/5/9,1830.13,2657.51,3717.47
2012/5/10,1829.61,2657.21,3731.13
2012/5/11,1815.73,2636.92,3715.39
2012/5/14,1800.5,2615.53,3710.1
2012/5/15,1801.06,2617.37,3705.88
2012/5/16,1774.24,2574.65,3660.31
2012/5/17,1801.11,2613.94,3714.19
2012/5/18,1775.57,2573.98,3655.86
2012/5/21,1784.94,2587.23,3653.55
2012/5/22,1810.41,2627.53,3711.06
2012/5/23,1801.47,2616.87,3708.92
2012/5/24,1789.43,2595.26,3678.09
2012/5/25,1776.38,2573.1,3635.52
2012/5/28,1800.91,2614.69,3687.46
2012/5/29,1824.43,2650.85,3745.68
2012/5/30,1818.39,2642.26,3752.22
2012/5/31,1804.59,2632.04,3753.59
2012/6/1,1808.53,2633,3744.44
2012/6/4,1760.96,2559.03,3621.81
2012/6/5,1763.7,2558.84,3617.61
2012/6/6,1768.58,2557.4,3600.16
2012/6/7,1757.77,2542.18,3581.14
2012/6/8,1738.59,2524.33,3564.16
2012/6/11,1756.03,2558.27,3630.31
2012/6/12,1745.45,2540.18,3608.39
2012/6/13,1771.42,2580.64,3674.88
2012/6/14,1756.3,2560.42,3652.71
2012/6/15,1769.49,2568.05,3648.99
2012/6/18,1776.24,2581.21,3684.73
2012/6/19,1764.88,2558.62,3657.96
2012/6/20,1763.63,2552.61,3636.09
2012/6/21,1735.34,2512.19,3590.84
2012/6/25,1704.57,2456.52,3493.12
2012/6/26,1700.5,2454.92,3489.97
2012/6/27,1695.03,2447.2,3476.4
2012/6/28,1681.38,2425.73,3427.82
2012/6/29,1708.86,2461.61,3470.97
2012/7/2,1706.17,2465.24,3509.5
2012/7/3,1710.41,2468.72,3515.78
2012/7/4,1712.94,2464.92,3497.75
2012/7/5,1695.36,2430.37,3418.2
2012/7/6,1711.58,2472.61,3486.55
2012/7/9,1668.02,2416.04,3398.81
2012/7/10,1664.42,2406.71,3365.67
2012/7/11,1672.25,2425.57,3404.1
2012/7/12,1680.05,2449.18,3450.3
2012/7/13,1685.02,2450.63,3435.08
2012/7/16,1657.62,2399.73,3311.09
2012/7/17,1669.71,2414.2,3334.29
2012/7/18,1665.87,2414.34,3352.85
2012/7/19,1674.27,2424.32,3392.66
2012/7/20,1658.3,2398.46,3369.91
2012/7/23,1629.07,2365.43,3337.86
2012/7/24,1632.95,2375.99,3361.09
2012/7/25,1627.96,2360.08,3332.09
2012/7/26,1624.46,2347.49,3302.34
2012/7/27,1630.31,2349.11,3283.59
2012/7/30,1625.64,2335.79,3217.45
2012/7/31,1631.89,2332.92,3159.19
2012/8/1,1645.62,2358.65,3216.18
2012/8/2,1634.55,2334.88,3195.86
2012/8/3,1641.6,2353.74,3259.86
2012/8/6,1658.37,2385.61,3337.27
2012/8/7,1657.91,2388.87,3368.25
2012/8/8,1662.77,2389.8,3356.49
2012/8/9,1671.95,2411.7,3405.06
2012/8/10,1665.18,2399.75,3395.85
2012/8/13,1632,2351.93,3318.1
2012/8/14,1633.14,2357.02,3349.59
2012/8/15,1610.41,2331.62,3310.84
2012/8/16,1605.28,2319.67,3286.83
2012/8/17,1606,2313.48,3286.78
2012/8/20,1596.2,2301.79,3289.44
2012/8/21,1598.5,2313.7,3335.75
2012/8/22,1591.33,2295.59,3306.11
2012/8/23,1596.57,2302.2,3327.99
2012/8/24,1588.11,2275.68,3265.75
2012/8/27,1557.17,2228.2,3184.33
2012/8/28,1570.44,2238.41,3200.99
2012/8/29,1554.4,2214.81,3179.54
2012/8/30,1560.29,2211.37,3129.5
2012/8/31,1551.2,2204.87,3139.5
2012/9/3,1560.08,2228.37,3200.31
2012/9/4,1548.04,2204.41,3164.83
2012/9/5,1537.53,2199.88,3181.8
2012/9/6,1550.97,2217.82,3217.94
2012/9/7,1619.21,2317.18,3334.66
2012/9/10,1620.03,2326.67,3363.61
2012/9/11,1605.07,2311.89,3350.09
2012/9/12,1607.99,2320.07,3376.12
2012/9/13,1597.16,2298.46,3329.3
2012/9/14,1614.7,2315.54,3338.04
2012/9/17,1582.1,2258.71,3237.7
2012/9/18,1564.98,2235.24,3224.26
2012/9/19,1569.07,2246.24,3255.87
2012/9/20,1540.96,2195.95,3161.76
2012/9/21,1545.96,2199.06,3143.71
2012/9/24,1553.97,2215.52,3167.16
2012/9/25,1553.7,2210.15,3144.41
2012/9/26,1541.14,2184.89,3071.99
2012/9/27,1587.96,2251.72,3141.08
2012/9/28,1613.09,2293.11,3199.75
2012/10/8,1596.14,2270.05,3183.37
2012/10/9,1627.66,2320.16,3265.62
2012/10/10,1625.33,2324.12,3296.92
2012/10/11,1615.75,2302.53,3248.05
2012/10/12,1618.66,2304.53,3240.4
2012/10/15,1612.96,2294.86,3223.19
2012/10/16,1614.14,2298.16,3233.23
2012/10/17,1617.66,2300.8,3240.78
2012/10/18,1639.67,2336.08,3294.84
2012/10/19,1637.77,2332.47,3285.45
2012/10/22,1643.34,2341.59,3298.49
2012/10/23,1625.81,2312.08,3259.07
2012/10/24,1623.64,2307.78,3257.92
2012/10/25,1612.95,2291.24,3226.17
2012/10/26,1584.7,2247.91,3163.3
2012/10/29,1571.53,2235.85,3158.94
2012/10/30,1576.32,2239.88,3160.69
2012/10/31,1587.05,2254.82,3168.1
2012/11/1,1617.73,2297.88,3228.19
2012/11/2,1626.61,2306.77,3249.55
2012/11/5,1624.71,2301.88,3235.35
2012/11/6,1619.74,2292.21,3213.26
2012/11/7,1617.83,2287.51,3209.14
2012/11/8,1591.62,2245.41,3129.57
2012/11/9,1591.85,2240.92,3116.98
2012/11/12,1600.88,2251.85,3136.31
2012/11/13,1575.26,2212.44,3072.12
2012/11/14,1581.95,2223.11,3081.25
2012/11/15,1563.7,2193.62,3026.84
2012/11/16,1551.56,2177.24,3009.15
2012/11/19,1550.89,2174.99,3016.16
2012/11/20,1540.49,2164.88,3004.18
2012/11/21,1562.97,2194.9,3035.28
2012/11/22,1554.75,2177.55,2995.09
2012/11/23,1568.75,2192.68,3005.46
2012/11/26,1563.2,2175.6,2970.32
2012/11/27,1552.92,2150.64,2864.17
2012/11/28,1542.07,2129.16,2800.54
2012/11/29,1532.92,2115.68,2774.18
2012/11/30,1547.76,2139.66,2816.62
2012/12/3,1532.18,2108.85,2749.13
2012/12/4,1545.95,2131.47,2783.41
2012/12/5,1601.74,2207.88,2886.19
2012/12/6,1600.42,2203.6,2884.35
2012/12/7,1634.92,2246.76,2950.19
2012/12/10,1653.28,2271.05,3002.23
2012/12/11,1645.01,2258.5,2982.03
2012/12/12,1657.13,2267.77,2982.89
2012/12/13,1635.63,2242.64,2943.28
2012/12/14,1728.06,2355.87,3066.23
2012/12/17,1738.85,2366.7,3091.88
2012/12/18,1744.85,2368.12,3086.58
2012/12/19,1744.02,2371.11,3099.09
2012/12/20,1751.94,2384.82,3108.86
2012/12/21,1737.99,2372,3101.07
2012/12/24,1746.44,2381.22,3117.7
2012/12/25,1798.88,2448.4,3189.09
2012/12/26,1800.56,2457.62,3228.68
2012/12/27,1786.78,2444.59,3199.48
2012/12/28,1817.85,2480.05,3235.2
2012/12/31,1857.68,2522.95,3275.86
2013/1/4,1870.5,2524.41,3258.25
2013/1/7,1880.26,2535.99,3288.37
2013/1/8,1857.69,2525.33,3327.04
2013/1/9,1855.34,2526.13,3334.99
2013/1/10,1855.49,2530.57,3356.35
2013/1/11,1818.98,2483.23,3271.18
2013/1/14,1893.1,2577.73,3384.75
2013/1/15,1900.05,2595.86,3450.68
2013/1/16,1877,2577.09,3450.56
2013/1/17,1854.94,2552.76,3408.02
2013/1/18,1886.79,2595.44,3464.65
2013/1/21,1898.44,2610.9,3491.12
2013/1/22,1898.5,2596.9,3435.43
2013/1/23,1910.14,2607.46,3441.75
2013/1/24,1900.18,2582.76,3369.73
2013/1/25,1886.45,2571.67,3364.06
2013/1/28,1957.4,2651.86,3449.79
2013/1/29,1982.62,2675.87,3482.52
2013/1/30,1989.32,2688.71,3500.58
2013/1/31,1993.25,2686.88,3479.64
2013/2/1,2055.72,2743.32,3507.71
2013/2/4,2065.39,2748.03,3484.36
2013/2/5,2068.95,2771.68,3520.65
2013/2/6,2078.49,2775.84,3544.39
2013/2/7,2048.58,2759.87,3557.67
2013/2/8,2042.42,2771.73,3608.59
2013/2/18,2014.58,2737.47,3627.78
2013/2/19,1981.07,2685.61,3561.36
2013/2/20,1978.3,2702.64,3635.38
2013/2/21,1897.9,2610.55,3560.32
2013/2/22,1883.48,2596.6,3548.36
2013/2/25,1890.77,2604.96,3587.59
2013/2/26,1865.13,2567.6,3533.2
2013/2/27,1889.48,2594.68,3535.9
2013/2/28,1956.61,2673.33,3608.2
2013/3/1,1944.42,2668.84,3648.42
2013/3/4,1841.62,2545.72,3518.72
2013/3/5,1916.71,2622.81,3597.92
2013/3/6,1933.7,2650.2,3653.93
2013/3/7,1902.37,2619.48,3609.64
2013/3/8,1901.48,2606.93,3570.38
2013/3/11,1879.82,2592.37,3571.11
2013/3/12,1854.62,2555.62,3481.18
2013/3/13,1835.61,2527.49,3449.35
2013/3/14,1838.36,2534.27,3464.85
2013/3/15,1841.32,2539.87,3471.21
2013/3/18,1811.24,2502.49,3427.12
2013/3/19,1830.96,2525.1,3438.07
2013/3/20,1905.77,2610.17,3527.77
2013/3/21,1902.3,2614.99,3565.02
2013/3/22,1904.46,2618.31,3579.92
2013/3/25,1901.93,2613.1,3568.52
2013/3/26,1861.26,2575.05,3543.81
2013/3/27,1868.44,2583.53,3552.26
2013/3/28,1791.64,2499.3,3448.98
2013/3/29,1793.19,2495.08,3447.29
2013/4/1,1784.07,2493.19,3470.96
2013/4/2,1783.22,2486.39,3428.5
2013/4/3,1789.67,2483.55,3397.23
2013/4/8,1773.1,2472.3,3411.13
2013/4/9,1788.63,2489.43,3444.37
2013/4/10,1787.93,2485.31,3437.27
2013/4/11,1784.13,2477.88,3423.22
2013/4/12,1774.51,2462.11,3394.52
2013/4/15,1759.8,2436.82,3346.85
2013/4/16,1772.64,2459.59,3383.08
2013/4/17,1761.62,2458.47,3412.42
2013/4/18,1768.15,2464.85,3423.01
2013/4/19,1827.98,2533.83,3495.24
2013/4/22,1823.95,2530.67,3511.62
2013/4/23,1760.68,2449.47,3416.45
2013/4/24,1793.89,2495.58,3484.57
2013/4/25,1778.29,2467.88,3431.4
2013/4/26,1766.04,2447.31,3367.77
2013/5/2,1763.05,2449.64,3383.4
2013/5/3,1795.49,2492.91,3448.64
2013/5/6,1816.6,2525.98,3514.46
2013/5/7,1817.93,2529.94,3521.48
2013/5/8,1824.38,2542.8,3553.85
2013/5/9,1807.86,2527.79,3555.77
2013/5/10,1819.12,2540.84,3577.33
2013/5/13,1810.72,2530.77,3590.76
2013/5/14,1785.58,2493.34,3549.3
2013/5/15,1789.43,2506.93,3597.11
2013/5/16,1821.45,2552.71,3635.76
2013/5/17,1843.81,2592.05,3691.4
2013/5/20,1861.25,2609.61,3737.75
2013/5/21,1851.08,2614.85,3787.06
2013/5/22,1858.2,2618.03,3755.87
2013/5/23,1823.74,2582.85,3724.23
2013/5/24,1829.14,2597.23,3782.07
2013/5/27,1827.26,2599.59,3820.43
2013/5/28,1870.09,2644.36,3827.78
2013/5/29,1861.7,2642.56,3856.32
2013/5/30,1855.46,2634.32,3865.13
2013/5/31,1841.37,2606.43,3841.22
2013/6/3,1838.64,2602.62,3814.51
2013/6/4,1819.5,2565.67,3739.72
2013/6/5,1806.82,2560.54,3755.15
2013/6/6,1784.7,2527.85,3688.74
2013/6/7,1760.22,2484.16,3616.21
2013/6/13,1700.8,2399.94,3515.05
2013/6/14,1704.15,2416.77,3584.98
2013/6/17,1692.48,2403.84,3593.37
2013/6/18,1704.22,2418.75,3605.76
2013/6/19,1687.61,2400.77,3583.3
2013/6/20,1631.55,2321.47,3465
2013/6/21,1633.16,2317.39,3446.48
2013/6/24,1525.17,2171.21,3232.96
2013/6/25,1526.8,2165.42,3219.13
2013/6/26,1509.68,2168.3,3285.82
2013/6/27,1512.2,2160.74,3233.22
2013/6/28,1552.38,2200.64,3235.98
2013/7/1,1549.37,2213.32,3304.59
2013/7/2,1541.34,2221.98,3359.05
2013/7/3,1522.91,2203.83,3364.18
2013/7/4,1535.32,2221.98,3390.49
2013/7/5,1542.05,2226.85,3371.53
2013/7/8,1506.73,2163.62,3240.48
2013/7/9,1505.3,2162.67,3259.91
2013/7/10,1546.74,2224.07,3361.4
2013/7/11,1635.66,2326.69,3455.88
2013/7/12,1587.59,2275.37,3425.14
2013/7/15,1604.66,2307.3,3493.44
2013/7/16,1606.34,2317.85,3536.31
2013/7/17,1582.14,2282.84,3485.07
2013/7/18,1549.35,2245.33,3481.2
2013/7/19,1511.4,2190.48,3394.31
2013/7/22,1514.05,2202.19,3461.28
2013/7/23,1555.84,2265.85,3544.97
2013/7/24,1532.35,2249.15,3566.28
2013/7/25,1529.3,2237.68,3498.24
2013/7/26,1521.61,2224.01,3494.16
2013/7/29,1484.21,2175.97,3426.59
2013/7/30,1500.94,2189.39,3411.22
2013/7/31,1504.17,2193.02,3430.74
2013/8/1,1537.81,2245.36,3521.15
2013/8/2,1536.51,2247.26,3533.61
2013/8/5,1554.19,2278.33,3592.54
2013/8/6,1556.3,2293.64,3631.12
2013/8/7,1551.16,2280.62,3596.32
2013/8/8,1544.62,2276.78,3605.85
2013/8/9,1553.04,2286.01,3618.74
2013/8/12,1610.27,2352.79,3676.2
2013/8/13,1619.74,2359.07,3695.55
2013/8/14,1610.22,2349.08,3681.08
2013/8/15,1595.15,2321.58,3631.32
2013/8/16,1592.79,2304.14,3554.35
2013/8/19,1608.87,2331.43,3609.03
2013/8/20,1594.54,2312.47,3599.64
2013/8/21,1588.08,2308.59,3627.5
2013/8/22,1582.62,2303.93,3636.47
2013/8/23,1566.29,2286.93,3627.97
2013/8/26,1601.38,2335.62,3703.59
2013/8/27,1602,2340.88,3732.1
2013/8/28,1592.87,2328.06,3703.92
2013/8/29,1588.15,2318.31,3701.08
2013/8/30,1589.78,2313.91,3664.15
2013/9/2,1591.93,2320.34,3689.96
2013/9/3,1614.54,2354.5,3744.87
2013/9/4,1613.54,2350.7,3755.24
2013/9/5,1609.6,2341.74,3762.57
2013/9/6,1625.85,2357.78,3792.83
2013/9/9,1713.39,2440.61,3831.93
2013/9/10,1737.58,2474.89,3870.92
2013/9/11,1741.32,2482.89,3834.26
2013/9/12,1772.66,2507.46,3845.07
2013/9/13,1749.24,2488.9,3849.82
2013/9/16,1738.25,2478.39,3854.21
2013/9/17,1698.63,2427.32,3786.29
2013/9/18,1700.59,2432.51,3822.12
2013/9/23,1713.08,2472.29,3899.63
2013/9/24,1673.56,2443.89,3903.52
2013/9/25,1661.61,2429.03,3889.22
2013/9/26,1632.7,2384.44,3808.22
2013/9/27,1639.15,2394.97,3822.76
2013/9/30,1643.06,2409.04,3872.89
2013/10/8,1659.71,2441.81,3938.07
2013/10/9,1668.48,2453.58,3981.06
2013/10/10,1637.93,2429.32,3959.63
2013/10/11,1669.27,2468.51,4026.92
2013/10/14,1662.17,2472.54,4068.32
2013/10/15,1656.26,2467.52,4074.08
2013/10/16,1634.22,2421.37,3963.21
2013/10/17,1627.18,2413.33,3956.97
2013/10/18,1636.8,2426.05,3970.64
2013/10/21,1657.58,2471.32,4069.03
2013/10/22,1640.07,2445.89,4026.52
2013/10/23,1638.5,2418.49,3924.22
2013/10/24,1621.61,2400.51,3898.16
2013/10/25,1611.52,2368.56,3821.78
2013/10/28,1610.69,2365.95,3808.7
2013/10/29,1633.72,2372.05,3703.86
2013/10/30,1653.42,2407.47,3764.45
2013/10/31,1631.05,2373.72,3713.83
2013/11/1,1644.75,2384.96,3702.45
2013/11/4,1638.51,2380.45,3728.19
2013/11/5,1633.66,2383.77,3777.4
2013/11/6,1614.21,2353.57,3737.11
2013/11/7,1610.58,2340.55,3685.04
2013/11/8,1587.44,2307.95,3629.94
2013/11/11,1591.14,2315.89,3645.84
2013/11/12,1610.78,2340,3680.54
2013/11/13,1569.25,2288.12,3611.76
2013/11/14,1572.73,2304.5,3659.83
2013/11/15,1604.82,2350.73,3736.45
2013/11/18,1675.16,2428.9,3827.88
2013/11/19,1659.53,2412.16,3840.37
2013/11/20,1663.76,2424.85,3878.58
2013/11/21,1648.09,2409.99,3865.41
2013/11/22,1642.5,2397.96,3842.76
2013/11/25,1633.78,2388.63,3839.6
2013/11/26,1630.94,2387.42,3845.68
2013/11/27,1648.79,2414.48,3889.76
2013/11/28,1664.63,2439.53,3922.67
2013/11/29,1661.41,2438.94,3946.38
2013/12/2,1678.87,2418.79,3770.87
2013/12/3,1681.51,2442.78,3859.96
2013/12/4,1699.18,2475.14,3933
2013/12/5,1692.38,2468.2,3928.72
2013/12/6,1675.26,2452.29,3918.78
2013/12/9,1669.87,2450.87,3947.7
2013/12/10,1670.55,2453.32,3950.49
2013/12/11,1639.18,2412.76,3906.78
2013/12/12,1631.91,2410.02,3916.96
2013/12/13,1626.41,2406.64,3925.43
2013/12/16,1602.46,2367.92,3857.72
2013/12/17,1597.27,2356.38,3834.03
2013/12/18,1598.68,2357.23,3834.05
2013/12/19,1580.11,2332.41,3795.02
2013/12/20,1537.41,2278.14,3747
2013/12/23,1541.27,2284.6,3742.74
2013/12/24,1539.6,2288.25,3768.7
2013/12/25,1547.36,2305.11,3808.45
2013/12/26,1524.88,2265.33,3743.13
2013/12/27,1550.22,2303.48,3800.77
2013/12/30,1547.92,2299.46,3813
2013/12/31,1574.78,2330.03,3829.1
2014/1/2,1561.1,2321.98,3847.88
2014/1/3,1536.07,2290.78,3816.32
2014/1/6,1512.93,2238.64,3710.9
2014/1/7,1510.65,2238,3733.66
2014/1/8,1515.33,2241.91,3738.21
2014/1/9,1503.88,2222.22,3696.02
2014/1/10,1498.27,2204.85,3628.63
2014/1/13,1494.61,2193.68,3612.02
2014/1/14,1499.29,2212.85,3683.53
2014/1/15,1488.51,2208.94,3708.14
2014/1/16,1493.09,2211.84,3714.31
2014/1/17,1475.67,2178.49,3671.92
2014/1/20,1464.84,2165.99,3644.13
2014/1/21,1478.88,2187.41,3700.11
2014/1/22,1514.12,2243.8,3799.04
2014/1/23,1499.03,2231.89,3825.49
2014/1/24,1502.07,2245.68,3882.67
2014/1/27,1478.87,2215.92,3881.95
2014/1/28,1487.8,2219.86,3873.81
2014/1/29,1494.49,2227.78,3908.45
2014/1/30,1477.35,2202.45,3885.42
2014/2/7,1475.34,2212.48,3957.67
2014/2/10,1505.83,2267.53,4074.63
2014/2/11,1528.32,2285.56,4080.38
2014/2/12,1527,2291.25,4125.41
2014/2/13,1528.02,2279.55,4064.42
2014/2/14,1534.24,2295.58,4134.16
2014/2/17,1538.11,2311.65,4212.75
2014/2/18,1508.54,2282.44,4207.7
2014/2/19,1533.4,2308.66,4207.99
2014/2/20,1520.14,2287.44,4149.07
2014/2/21,1505.33,2264.29,4121.92
2014/2/24,1468.06,2214.51,4105.79
2014/2/25,1440.89,2157.91,3961.44
2014/2/26,1444.2,2163.41,3987.48
2014/2/27,1452.46,2154.11,3934.73
2014/2/28,1464.32,2178.97,3975.93
2014/3/3,1462.69,2190.37,4058.8
2014/3/4,1464.28,2184.27,4059.57
2014/3/5,1448.33,2163.98,4037.78
2014/3/6,1459.51,2173.63,4032.76
2014/3/7,1455.59,2168.36,4012.45
2014/3/10,1408.87,2097.79,3860.24
2014/3/11,1412.73,2108.66,3864.26
2014/3/12,1418.7,2114.13,3865.66
2014/3/13,1437.39,2140.33,3907.15
2014/3/14,1426.4,2122.84,3888.98
2014/3/17,1434.16,2143.04,3967.15
2014/3/18,1427.63,2138.13,3989.2
2014/3/19,1418.71,2120.87,3980.67
2014/3/20,1406.92,2086.97,3876.58
2014/3/21,1464.08,2158.8,3952.39
2014/3/24,1477.53,2176.55,3985.86
2014/3/25,1470.12,2174.44,3991.14
2014/3/26,1467.08,2171.05,4001.5
2014/3/27,1464.53,2155.71,3944.04
2014/3/28,1472.05,2151.97,3865.3
2014/3/31,1465.78,2146.31,3840.54
2014/4/1,1473.14,2163.12,3899.49
2014/4/2,1491.3,2180.73,3902.04
2014/4/3,1477.49,2165.01,3896.28
2014/4/4,1490.33,2185.47,3939.23
2014/4/8,1534.75,2237.32,3981.63
2014/4/9,1530.88,2238.62,4018.55
2014/4/10,1570.4,2273.76,4038.84
2014/4/11,1565.31,2270.67,4021.19
2014/4/14,1557.7,2268.61,4051.33
2014/4/15,1523.22,2229.46,4021.91
2014/4/16,1527.05,2232.53,4019.88
2014/4/17,1520.56,2224.8,4014.94
2014/4/18,1521.28,2224.48,4029.26
2014/4/21,1493.76,2187.25,3965.34
2014/4/22,1509.55,2196.8,3947.17
2014/4/23,1507.04,2194.67,3929.17
2014/4/24,1510.29,2190.47,3884.81
2014/4/25,1501.05,2167.83,3800.68
2014/4/28,1483.78,2134.97,3684.59
2014/4/29,1496.01,2158.47,3738.93
2014/4/30,1494.81,2158.66,3766.17
2014/5/5,1487.53,2156.47,3798.29
2014/5/6,1485.25,2157.33,3817.98
2014/5/7,1476.18,2137.32,3749.97
2014/5/8,1478.72,2135.5,3754.01
2014/5/9,1480.74,2133.91,3716.02
2014/5/12,1508.39,2180.05,3812.76
2014/5/13,1503.52,2174.85,3806.89
2014/5/14,1500.83,2172.37,3803.8
2014/5/15,1488.77,2144.08,3732.34
2014/5/16,1487.74,2145.95,3726.66
2014/5/19,1459.21,2115.14,3705.36
2014/5/20,1460.82,2115.77,3715.71
2014/5/21,1474.14,2135.91,3747.33
2014/5/22,1471.55,2130.87,3746.14
2014/5/23,1484.38,2148.41,3786.56
2014/5/26,1486.05,2155.98,3827.49
2014/5/27,1479.73,2147.28,3818.32
2014/5/28,1491.76,2169.35,3861.59
2014/5/29,1484.31,2155.16,3821.87
2014/5/30,1482.1,2156.46,3829.24
2014/6/3,1477.52,2149.92,3822.72
2014/6/4,1466.39,2128.27,3789.29
2014/6/5,1484.24,2150.6,3832.06
2014/6/6,1472.27,2134.72,3818.33
2014/6/9,1475.35,2134.28,3797.43
2014/6/10,1493.53,2161.27,3840.02
2014/6/11,1488.76,2160.77,3858.05
2014/6/12,1483.86,2153.41,3850.11
2014/6/13,1502.96,2176.24,3891.56
2014/6/16,1518.71,2191.86,3914.98
2014/6/17,1501.94,2169.67,3879.34
2014/6/18,1495.43,2160.24,3858.1
2014/6/19,1478.04,2126.91,3755.69
2014/6/20,1484.48,2136.73,3789.34
2014/6/23,1475.76,2134.11,3815.88
2014/6/24,1480.13,2144.82,3839.2
2014/6/25,1469.95,2133.37,3814.03
2014/6/26,1478.01,2149.08,3861.95
2014/6/27,1473.76,2150.26,3889.32
2014/6/30,1482.41,2165.12,3924.9
2014/7/1,1481.66,2164.56,3951.73
2014/7/2,1484.84,2170.87,3979.31
2014/7/3,1489.55,2180.19,4019.65
2014/7/4,1492.46,2178.7,4004.56
2014/7/7,1492.84,2176.29,4014.49
2014/7/8,1491.96,2180.47,4039.71
2014/7/9,1475.14,2148.71,3982.4
2014/7/10,1471.17,2142.85,3982.2
2014/7/11,1468.54,2148.01,4029.75
2014/7/14,1482.78,2171.76,4090.8
2014/7/15,1484.66,2174.98,4093.11
2014/7/16,1483.18,2170.87,4062.12
2014/7/17,1473.67,2157.07,4031.44
2014/7/18,1478.76,2164.14,4042.52
2014/7/21,1479.84,2166.3,4030.24
2014/7/22,1495.93,2192.7,4083.29
2014/7/23,1506.76,2197.83,4057.11
2014/7/24,1541.9,2237.02,4054.22
2014/7/25,1557.02,2260.45,4089.8
2014/7/28,1609.48,2323.9,4168.37
2014/7/29,1611.85,2331.37,4207.86
2014/7/30,1601.38,2322.01,4214.84
2014/7/31,1621.85,2350.25,4257.05
2014/8/1,1607.97,2329.4,4210.22
2014/8/4,1644.63,2375.62,4278.85
2014/8/5,1632.41,2369.35,4300.12
2014/8/6,1619.01,2363.22,4328.6
2014/8/7,1593.42,2327.46,4286.09
2014/8/8,1595.66,2331.13,4311.7
2014/8/11,1619.25,2365.35,4377.02
2014/8/12,1607.91,2357.05,4399.81
2014/8/13,1610.14,2358.9,4401.81
2014/8/14,1596.84,2335.95,4373.5
2014/8/15,1612,2360.64,4423.64
2014/8/18,1613.13,2374.56,4483.54
2014/8/19,1609.09,2374.77,4496.94
2014/8/20,1600.34,2366.14,4497.4
2014/8/21,1587.03,2354.24,4495.44
2014/8/22,1594.18,2365.36,4521.75
2014/8/25,1577.43,2342.86,4487.14
2014/8/26,1573.39,2324.09,4407.59
2014/8/27,1572.79,2327.6,4421.21
2014/8/28,1563.89,2311.28,4381.49
2014/8/29,1581.28,2338.29,4427.88
2014/9/1,1586.02,2355.32,4507.44
2014/9/2,1607.5,2386.46,4576.12
2014/9/3,1624.03,2408.84,4608.56
2014/9/4,1637.29,2426.22,4647.89
2014/9/5,1656.24,2449.26,4666.47
2014/9/9,1645.11,2445.22,4701.7
2014/9/10,1629.99,2432.43,4709.91
2014/9/11,1622.82,2423.45,4704.94
2014/9/12,1630.2,2438.36,4756.95
2014/9/15,1624.07,2437.19,4807.56
2014/9/16,1600.92,2388.77,4645.55
2014/9/17,1604.92,2401.33,4686.05
2014/9/18,1609.87,2408.66,4719.01
2014/9/19,1619.58,2425.21,4758.73
2014/9/22,1583.89,2378.92,4694.23
2014/9/23,1595.64,2399.46,4754.47
2014/9/24,1625.73,2441.86,4815.71
2014/9/25,1618.52,2436.97,4814.74
2014/9/26,1616.09,2437.2,4829.94
2014/9/29,1621.82,2447.8,4877.44
2014/9/30,1619.7,2450.99,4916.12
2014/10/8,1633.57,2478.38,4993.53
2014/10/9,1634.04,2481.96,5004
2014/10/10,1621.71,2466.79,4981.85
2014/10/13,1605.99,2454.95,4982.68
2014/10/14,1600.3,2446.56,4966.08
2014/10/15,1612.77,2463.87,4987.71
2014/10/16,1608.74,2444.4,4906.24
2014/10/17,1608.52,2441.73,4860.73
2014/10/20,1612.4,2454.71,4929.16
2014/10/21,1600.84,2433.39,4884.02
2014/10/22,1597.13,2418.64,4825.61
2014/10/23,1586.56,2395.94,4755.23
2014/10/24,1583.42,2390.71,4774.67
2014/10/27,1559.91,2368.83,4809.52
2014/10/28,1585.74,2416.65,4924.96
2014/10/29,1608.4,2451.38,4991.76
2014/10/30,1619.1,2468.93,4992.63
2014/10/31,1657.29,2508.33,4986.42
2014/11/3,1651.05,2512.55,5028.7
2014/11/4,1645.62,2513.17,5003.47
2014/11/5,1637.63,2503.45,4995.44
2014/11/6,1635.96,2506.07,5024.85
2014/11/7,1640.32,2502.15,4977.26
2014/11/10,1689.02,2565.73,5031
2014/11/11,1710.88,2558.61,4881.48
2014/11/12,1731.02,2594.32,4965.38
2014/11/13,1726.34,2579.75,4921.67
2014/11/14,1728.81,2581.09,4909.61
2014/11/17,1708.1,2567.1,4958.47
2014/11/18,1679.42,2541.42,4967.65
2014/11/19,1671.65,2537.22,4985.1
2014/11/20,1676.6,2537.1,4974.63
2014/11/21,1714.71,2583.46,5029.77
2014/11/24,1758.1,2649.26,5112.12
2014/11/25,1777.67,2685.56,5189
2014/11/26,1820.49,2723.02,5214.21
2014/11/27,1853,2754.49,5251.39
2014/11/28,1914.44,2808.82,5245.27
2014/12/1,1920.38,2819.81,5208.14
2014/12/2,2021.54,2923.94,5277.66
2014/12/3,2037.59,2967.55,5339.01
2014/12/4,2160.66,3104.35,5451.96
2014/12/5,2200.25,3124.89,5333.89
2014/12/8,2298.85,3252.88,5412.67
2014/12/9,2182.69,3106.91,5195.41
2014/12/10,2254.82,3221.55,5374.1
2014/12/11,2193.54,3183.01,5454.44
2014/12/12,2193.29,3193.23,5493.2
2014/12/15,2201.54,3217.23,5583.6
2014/12/16,2299.28,3303.4,5606.69
2014/12/17,2383.95,3360.6,5557.29
2014/12/18,2364.04,3345.93,5558.05
2014/12/19,2390.28,3383.17,5524.12
2014/12/22,2426.68,3394.48,5305.21
2014/12/23,2374.95,3324.92,5193.72
2014/12/24,2270.88,3230.39,5262.37
2014/12/25,2359.66,3335.42,5364.56
2014/12/26,2464.82,3445.84,5422.75
2014/12/29,2481.66,3455.46,5367.64
2014/12/30,2523.63,3457.55,5275.09
2014/12/31,2581.57,3533.71,5322.71
2015/1/5,2649.64,3641.54,5417.02
2015/1/6,2629.4,3641.06,5479.86
2015/1/7,2635.23,3643.79,5488.24
2015/1/8,2558.11,3559.26,5444.04
2015/1/9,2569.02,3546.72,5409.06
2015/1/12,2543.85,3513.58,5332.22
2015/1/13,2527.83,3514.04,5405.09
2015/1/14,2534.23,3502.42,5379.74
2015/1/15,2632.89,3604.12,5449.04
2015/1/16,2653.03,3635.15,5520.12
2015/1/19,2410.2,3355.16,5281.9
2015/1/20,2403.72,3396.22,5472.51
2015/1/21,2542.32,3548.89,5611.69
2015/1/22,2544.31,3567.61,5690.16
2015/1/23,2564.51,3571.73,5633.29
2015/1/26,2562.36,3607.99,5758.98
2015/1/27,2522.1,3574.93,5773.82
2015/1/28,2486.29,3525.32,5739.92
2015/1/29,2442.04,3481.8,5701.21
2015/1/30,2405.38,3434.39,5632.73
2015/2/2,2332.53,3353.96,5609.39
2015/2/3,2405.76,3437.45,5707.48
2015/2/4,2372.46,3401.77,5683.52
2015/2/5,2348.92,3366.95,5654.22
2015/2/6,2325.24,3312.42,5534.79
2015/2/9,2366.77,3345.92,5504.97
2015/2/10,2403.55,3406.94,5580.7
2015/2/11,2415.13,3434.12,5641.79
2015/2/12,2416.45,3442.87,5681.34
2015/2/13,2427.47,3469.83,5769.27
2015/2/16,2431.21,3499.48,5869.71
2015/2/17,2445.26,3522.32,5911.1
2015/2/25,2407.46,3478.73,5906.54
2015/2/26,2478.06,3566.3,5969.56
2015/2/27,2474.6,3572.84,6018.46
2015/3/2,2479.24,3601.27,6139.79
2015/3/3,2396.81,3507.9,6118.66
2015/3/4,2397.99,3530.82,6210.42
2015/3/5,2366.9,3496.34,6208.99
2015/3/6,2371.62,3478.52,6133.03
2015/3/9,2429.87,3537.75,6212.24
2015/3/10,2395.43,3520.61,6276.49
2015/3/11,2408.5,3524.65,6262.89
2015/3/12,2485.11,3592.84,6260.14
2015/3/13,2495.28,3617.66,6329.58
2015/3/16,2550.86,3705.67,6516.77
2015/3/17,2583.2,3757.12,6618.05
2015/3/18,2649.64,3846.06,6728.07
2015/3/19,2630.24,3839.74,6782.46
2015/3/20,2680.68,3892.57,6850.9
2015/3/23,2720.67,3972.06,7017.15
2015/3/24,2683.65,3973.05,7046.12
2015/3/25,2649.16,3940.41,7124.87
2015/3/26,2687.76,3950,7074.44
2015/3/27,2689.24,3971.7,7155.95
2015/3/30,2784.46,4088.18,7245.5
2015/3/31,2754.66,4051.2,7253.1
2015/4/1,2799.45,4123.9,7425.73
2015/4/2,2781.64,4124.78,7560.65
2015/4/3,2817.18,4170.54,7679.01
2015/4/7,2889.45,4260.04,7863.28
2015/4/8,2952.08,4295.8,7808
2015/4/9,2931.77,4262.14,7746.15
2015/4/10,2986.61,4344.42,7952.19
2015/4/13,3041.13,4421.07,8122.89
2015/4/14,3052.41,4438.18,8119.96
2015/4/15,3053.3,4380.51,7802.75
2015/4/16,3183.3,4513.55,7912.09
2015/4/17,3235.33,4596.14,7980.76
2015/4/20,3164.46,4521.92,7839.9
2015/4/21,3214.36,4619.16,8112.69
2015/4/22,3299.22,4739.81,8323.43
2015/4/23,3273.4,4740.89,8410.7
2015/4/24,3223.96,4702.64,8419.1
2015/4/27,3308.45,4807.59,8513.02
2015/4/28,3282.33,4741.86,8266.48
2015/4/29,3283.28,4774.33,8428.25
2015/4/30,3250.49,4749.89,8469.67
2015/5/4,3272.01,4787.74,8510.48
2015/5/5,3148.81,4596.84,8199.34
2015/5/6,3139.02,4553.33,8083
2015/5/7,3094.88,4470.09,7903.48
2015/5/8,3110.46,4558.4,8201.29
2015/5/11,3169.13,4690.53,8558.22
2015/5/12,3188.31,4747.42,8745.68
2015/5/13,3141.3,4718.44,8824.93
2015/5/14,3128.57,4700.78,8813.39
2015/5/15,3060.41,4617.47,8742.89
2015/5/18,2998.39,4575.14,8903.6
2015/5/19,3116.09,4731.22,9124.83
2015/5/20,3122.85,4754.92,9277.33
2015/5/21,3150.9,4840.98,9619.22
2015/5/22,3248.86,4951.34,9778.17
2015/5/25,3349.95,5099.5,10040.09
2015/5/26,3386.59,5198.92,10373.58
2015/5/27,3344.74,5181.43,10497.34
2015/5/28,3124.62,4834.01,9868.42
2015/5/29,3111.33,4840.83,9966.85
2015/6/1,3244.32,5076.18,10488.31
2015/6/2,3258.31,5161.87,10886.4
2015/6/3,3238.43,5143.59,10979.99
2015/6/4,3299.03,5181.42,10965.41
2015/6/5,3303.99,5230.55,11144.52
2015/6/8,3458.71,5353.75,11030.92
2015/6/9,3414,5317.46,11013.74
2015/6/10,3370.38,5309.11,11208.06
2015/6/11,3347.12,5306.59,11366.29
2015/6/12,3350.25,5335.12,11545.89
2015/6/15,3262.48,5221.17,11332.89
2015/6/16,3179.65,5064.82,10879.84
2015/6/17,3211.71,5138.83,11100.55
2015/6/18,3068.49,4930.55,10731.38
2015/6/19,2903.06,4637.05,9987.41
2015/6/23,3003.16,4786.09,10046.88
2015/6/24,3045.24,4880.13,10267.63
2015/6/25,2943.99,4706.52,9906.1
2015/6/26,2736.7,4336.19,9078.06
2015/6/29,2678.37,4191.55,8484.64
2015/6/30,2870.03,4473,8906.02
2015/7/1,2736.85,4253.02,8411.91
2015/7/2,2714.25,4108,7835.1
2015/7/3,2582.27,3885.92,7355.49
2015/7/6,2750,3998.54,7236
2015/7/7,2812.45,3928,6763.53
2015/7/8,2608.98,3663.04,6602.37
2015/7/9,2781.08,3897.63,6896.35
2015/7/10,2898.41,4106.56,7244.78
2015/7/13,2869.05,4211.81,7695.64
2015/7/14,2763.07,4112.15,7859.06
2015/7/15,2757.95,3966.76,7405.29
2015/7/16,2742.85,3997.36,7578.76
2015/7/17,2807.06,4151.5,7994.7
2015/7/20,2783.76,4160.61,8116.5
2015/7/21,2772.77,4166.01,8220.46
2015/7/22,2739.79,4157.16,8320.24
2015/7/23,2790.76,4250.81,8551.99
2015/7/24,2741.04,4176.28,8425.07
2015/7/27,2493.29,3818.73,7794.18
2015/7/28,2485.67,3811.09,7649.82
2015/7/29,2531.44,3930.38,8022.8
2015/7/30,2467.37,3815.41,7800.58
2015/7/31,2461.24,3816.7,7727.06
2015/8/3,2479.72,3829.24,7540.21
2015/8/4,2534.71,3948.16,7942.1
2015/8/5,2487.06,3866.9,7839.34
2015/8/6,2467.52,3831.85,7792.03
2015/8/7,2503.8,3906.94,8013.32
2015/8/10,2617.66,4084.36,8394.09
2015/8/11,2590.71,4066.67,8435.33
2015/8/12,2561.13,4016.13,8336.34
2015/8/13,2580.78,4075.46,8534.43
2015/8/14,2577.04,4073.54,8625.24
2015/8/17,2550.47,4077.87,8820.46
2015/8/18,2407.97,3825.41,8161.27
2015/8/19,2430.28,3886.14,8340.98
2015/8/20,2356.92,3761.45,8049.51
2015/8/21,2271.36,3589.54,7612.9
2015/8/24,2058.25,3275.53,7006.19
2015/8/25,1914.05,3042.93,6481.41
2015/8/26,1942.45,3025.69,6238.53
2015/8/27,2094.72,3205.64,6456.05
2015/8/28,2159.96,3342.29,6842.89
2015/8/31,2210.45,3366.54,6581.31
2015/9/1,2230.32,3362.08,6169.21
2015/9/2,2243.63,3365.83,6122.55
2015/9/7,2133.98,3250.49,6143.56
2015/9/8,2180.13,3334.02,6374.86
2015/9/9,2211.2,3399.31,6551.01
2015/9/10,2208.48,3357.56,6440.31
2015/9/11,2195.39,3347.19,6493.32
2015/9/14,2228.15,3281.13,6049.79
2015/9/15,2175.17,3152.23,5708.03
2015/9/16,2241.95,3309.25,6084.84
2015/9/17,2194.82,3237,5965.41
2015/9/18,2198.99,3251.27,6036.88
2015/9/21,2214.45,3308.25,6250.44
2015/9/22,2237.31,3339.03,6295.93
2015/9/23,2178.55,3263.03,6224.6
2015/9/24,2188.09,3285,6315.11
2015/9/25,2183.4,3231.95,6108.38
2015/9/28,2169.94,3242.75,6219.69
2015/9/29,2127.2,3178.85,6103.61
2015/9/30,2146.12,3202.95,6123.73
2015/10/8,2191.34,3296.48,6372.49
2015/10/9,2219.29,3340.12,6470.05
2015/10/12,2283.43,3447.69,6718.72
2015/10/13,2270.95,3445.04,6802.08
2015/10/14,2253.91,3406.11,6724.5
2015/10/15,2297.9,3486.82,6929.24
2015/10/16,2323.78,3534.07,7047.56
2015/10/19,2318.47,3534.18,7047.37
2015/10/20,2337.08,3577.7,7162.08
2015/10/21,2340.36,3473.25,6712.74
2015/10/22,2331.79,3524.53,6964.3
2015/10/23,2343.96,3571.24,7138.23
2015/10/26,2350.02,3589.26,7186.75
2015/10/27,2349.9,3592.88,7231.44
2015/10/28,2310.7,3524.92,7048.9
2015/10/29,2307.35,3533.31,7108.97
2015/10/30,2312.97,3534.08,7084.97
2015/11/2,2280.09,3475.96,6936.43
2015/11/3,2271.65,3465.49,6920.1
2015/11/4,2370.5,3628.54,7267.99
2015/11/5,2440.65,3705.97,7276.45
2015/11/6,2493.48,3793.37,7446.85
2015/11/9,2534.08,3840.35,7543.8
2015/11/10,2522.68,3833.24,7575.01
2015/11/11,2505.83,3833.65,7684.67
2015/11/12,2476.43,3795.32,7682.45
2015/11/13,2447.77,3746.24,7567.11
2015/11/16,2447.29,3764.13,7718.85
2015/11/17,2453.26,3758.39,7650.38
2015/11/18,2439.45,3715.58,7526.94
2015/11/19,2468.49,3774.97,7718.62
2015/11/20,2466.76,3774.38,7806.27
2015/11/23,2456.84,3753.34,7744.18
2015/11/24,2447.9,3753.89,7798.5
2015/11/25,2459.56,3781.61,7922.38
2015/11/26,2450.96,3759.43,7874.08
2015/11/27,2334.44,3556.99,7376.12
2015/11/30,2336.29,3566.41,7408.4
2015/12/1,2344.83,3591.7,7443.95
2015/12/2,2458.41,3721.95,7405.86
2015/12/3,2461.45,3749.3,7570.51
2015/12/4,2397.56,3677.59,7511.67
2015/12/7,2395.58,3687.61,7602.23
2015/12/8,2364.34,3623.02,7404.14
2015/12/9,2369.74,3635.94,7374.27
2015/12/10,2357.21,3623.08,7350.21
2015/12/11,2342.45,3608.06,7290.7
2015/12/14,2414.92,3711.32,7441.03
2015/12/15,2383.83,3694.39,7498.18
2015/12/16,2376.54,3685.44,7529.4
2015/12/17,2408.32,3755.89,7716.25
2015/12/18,2422.83,3767.91,7699.37
2015/12/21,2500.06,3865.97,7788.56
2015/12/22,2496.05,3876.73,7856.61
2015/12/23,2503.06,3866.38,7773.28
2015/12/24,2481.75,3829.4,7753.04
2015/12/25,2492.34,3838.2,7792.12
2015/12/28,2411.41,3727.63,7603.36
2015/12/29,2432.88,3761.87,7674.39
2015/12/30,2432.77,3765.18,7741.05
2015/12/31,2420.8,3731,7617.69
2016/1/4,2270.46,3469.07,6983.4
2016/1/5,2288.11,3478.78,6889.74
2016/1/6,2317.65,3539.81,7065.61
2016/1/7,2180.59,3294.38,6462.24
2016/1/8,2219.61,3361.56,6570.43
2016/1/11,2120.23,3192.45,6128.66
2016/1/12,2131.37,3215.71,6136.66
2016/1/13,2105.51,3155.88,5924.04
2016/1/14,2132.08,3221.57,6124.82
2016/1/15,2070.93,3118.73,5893.68
2016/1/18,2069.27,3130.73,5978.91
2016/1/19,2128.57,3223.13,6197.09
2016/1/20,2088.72,3174.38,6138.5
2016/1/21,2040.98,3081.35,5886.88
2016/1/22,2061.96,3113.46,5980.61
2016/1/25,2065.44,3128.89,6041.33
2016/1/26,1951.61,2940.51,5589.31
2016/1/27,1953.46,2930.35,5514.19
2016/1/28,1912.72,2853.76,5271.23
2016/1/29,1973.01,2946.09,5469.13
2016/2/1,1937.07,2901.05,5399.48
2016/2/2,1969.62,2961.33,5586.63
2016/2/3,1952.37,2948.64,5610.17
2016/2/4,1974.24,2984.76,5721.49
2016/2/5,1967.26,2963.79,5664.2
2016/2/15,1948.28,2946.71,5668.04
2016/2/16,2000.9,3037.04,5902.53
2016/2/17,2014.44,3063.32,5971.41
2016/2/18,2009.27,3053.7,5957.13
2016/2/19,2004.11,3051.59,5979.52
2016/2/22,2053.86,3118.87,6103.72
2016/2/23,2029.52,3089.36,6070.5
2016/2/24,2041.39,3109.55,6111.04
2016/2/25,1932.6,2918.75,5626.05
2016/2/26,1955.4,2948.03,5648.94
2016/2/29,1944.61,2877.47,5350.43
2016/3/1,1973.19,2930.69,5473.63
2016/3/2,2043.41,3051.33,5753.15
2016/3/3,2053.27,3058.42,5776.98
2016/3/4,2122.27,3093.89,5621.56
2016/3/7,2107.67,3104.84,5752.55
2016/3/8,2115.16,3107.67,5764.33
2016/3/9,2111.92,3071.91,5617.04
2016/3/10,2061.45,3013.15,5521.95
2016/3/11,2070.72,3018.28,5508.98
2016/3/14,2078.41,3065.69,5690.59
2016/3/15,2101.12,3074.78,5639.8
2016/3/16,2136.13,3090.03,5562.8
2016/3/17,2131.48,3124.2,5745.98
2016/3/18,2141.18,3171.96,5949.26
2016/3/21,2193.39,3249.44,6099.48
2016/3/22,2173.26,3225.79,6075.49
2016/3/23,2175.28,3236.09,6118.97
2016/3/24,2137.59,3181.85,6018.42
2016/3/25,2149.2,3197.82,6077.43
2016/3/28,2123.03,3169.73,6037.78
2016/3/29,2106.86,3135.41,5921.87
2016/3/30,2157.53,3216.28,6137.5
2016/3/31,2156.54,3218.09,6155.81
2016/4/1,2167.78,3221.89,6124.53
2016/4/5,2180.26,3264.49,6286.58
2016/4/6,2168.04,3257.53,6323.43
2016/4/7,2139.4,3209.29,6228.97
2016/4/8,2123.8,3185.73,6168.74
2016/4/11,2148.44,3230.1,6304.3
2016/4/12,2143.9,3218.45,6252.77
2016/4/13,2171.32,3261.38,6344.23
2016/4/14,2178.87,3275.83,6401.85
2016/4/15,2182.07,3272.21,6384.35
2016/4/18,2158.23,3228.45,6281.2
2016/4/19,2163.61,3238.3,6308.23
2016/4/20,2154.89,3181.03,6022.21
2016/4/21,2147.72,3160.6,5970.68
2016/4/22,2157.72,3174.9,6011.32
2016/4/25,2148.28,3162.03,5978.08
2016/4/26,2155.79,3179.16,6046.77
2016/4/27,2145.38,3165.92,6016.7
2016/4/28,2142.06,3160.58,5990.33
2016/4/29,2135.51,3156.75,5985.59
2016/5/3,2158.27,3213.54,6167.45
2016/5/4,2152.93,3209.46,6169.78
2016/5/5,2152.88,3213.92,6203.82
2016/5/6,2107.01,3130.35,5961.49
2016/5/9,2072.47,3065.62,5743.65
2016/5/10,2072.38,3069.11,5738.9
2016/5/11,2078.41,3082.81,5723.41
2016/5/12,2084.84,3090.14,5726.46
2016/5/13,2076.19,3074.94,5714.31
2016/5/16,2082.62,3095.31,5812.54
2016/5/17,2075.47,3086.02,5790.34
2016/5/18,2078.76,3068.04,5631.19
2016/5/19,2073.8,3062.5,5666.73
2016/5/20,2083.12,3078.22,5732.9
2016/5/23,2082.41,3087.22,5809.48
2016/5/24,2066.64,3063.56,5743.18
2016/5/25,2071.91,3059.23,5715.18
2016/5/26,2076.14,3064.21,5744.39
2016/5/27,2074.92,3062.5,5739.59
2016/5/30,2092.16,3066.71,5711.32
2016/5/31,2155.66,3169.56,5947.32
2016/6/1,2138.96,3160.55,5973.78
2016/6/2,2137.65,3167.1,6013.89
2016/6/3,2152.64,3189.33,6032.6
2016/6/6,2136.32,3178.79,6051.86
2016/6/7,2139.07,3177.05,6045.36
2016/6/8,2132.96,3163.99,6023.88
2016/6/13,2084.3,3066.34,5746.44
2016/6/14,2095.02,3075.98,5762.76
2016/6/15,2106.63,3116.37,5952.85
2016/6/16,2094.81,3094.67,5930.55
2016/6/17,2102.2,3110.36,5964.27
2016/6/20,2104.22,3112.67,5985.57
2016/6/21,2104.56,3106.32,5916.8
2016/6/22,2115.77,3133.96,6008.89
2016/6/23,2105.53,3117.32,5978.17
2016/6/24,2076.3,3077.16,5903.62
2016/6/27,2095.89,3120.54,6044.22
2016/6/28,2102.05,3136.4,6107.51
2016/6/29,2122.97,3151.39,6120.2
2016/6/30,2122.63,3153.92,6123.49
2016/7/1,2127.09,3154.2,6111.54
2016/7/4,2163.29,3204.7,6231.88
2016/7/5,2168.86,3207.38,6269.5
2016/7/6,2167.1,3216.8,6297.4
2016/7/7,2166.88,3209.95,6319.79
2016/7/8,2148.76,3192.28,6299.85
2016/7/11,2155.72,3203.33,6312.5
2016/7/12,2200.35,3273.18,6395.14
2016/7/13,2197.79,3282.87,6446.56
2016/7/14,2195.23,3276.76,6455.58
2016/7/15,2192.39,3276.28,6441.02
2016/7/18,2187.98,3262.02,6412.07
2016/7/19,2175.4,3248.23,6431.94
2016/7/20,2167.12,3237.61,6417.92
2016/7/21,2177.78,3252.52,6442.71
2016/7/22,2157.23,3225.16,6390.93
2016/7/25,2159.55,3230.89,6408.78
2016/7/26,2182.51,3269.59,6494.47
2016/7/27,2173.97,3218.24,6229.29
2016/7/28,2163.81,3221.14,6243.29
2016/7/29,2155.24,3203.93,6202.89
2016/8/1,2147.56,3176.81,6109.28
2016/8/2,2148.45,3189.05,6168.51
2016/8/3,2145.79,3193.51,6198.39
2016/8/4,2143.84,3201.29,6238.23
2016/8/5,2148.68,3205.11,6203.29
2016/8/8,2159.67,3234.18,6290.76
2016/8/9,2175.35,3256.98,6341.55
2016/8/10,2170.1,3243.34,6318.27
2016/8/11,2177.06,3233.36,6226.31
2016/8/12,2222.49,3294.23,6299.09
2016/8/15,2287.66,3393.42,6442.53
2016/8/16,2257.7,3378.25,6468.89
2016/8/17,2253.74,3373.05,6488.36
2016/8/18,2244.72,3364.49,6490.41
2016/8/19,2249.34,3365.02,6499.55
2016/8/22,2237.13,3336.79,6420.35
2016/8/23,2241.95,3341.83,6428.7
2016/8/24,2232.21,3329.86,6435.06
2016/8/25,2222.15,3308.97,6382.57
2016/8/26,2219.31,3307.09,6410.73
2016/8/29,2214.26,3307.78,6427.53
2016/8/30,2224.06,3311.99,6425.75
2016/8/31,2232.71,3327.79,6434.21
2016/9/1,2220.4,3301.58,6381.48
2016/9/2,2229.89,3314.11,6356.95
2016/9/5,2228.72,3319.68,6391.79
2016/9/6,2232.45,3342.63,6492.97
2016/9/7,2236.55,3340.82,6494.32
2016/9/8,2236.63,3339.56,6517.98
2016/9/9,2229.31,3318.04,6471.05
2016/9/12,2199.98,3262.6,6291.64
2016/9/13,2193.19,3260.33,6320.03
2016/9/14,2176.52,3238.73,6278.16
2016/9/19,2189.46,3263.12,6344.18
2016/9/20,2184.21,3257.4,6342.03
2016/9/21,2187.15,3266.64,6343.75
2016/9/22,2200.7,3291.12,6385.64
2016/9/23,2196.29,3275.67,6370.58
2016/9/26,2167.26,3220.28,6241.52
2016/9/27,2176.45,3240.75,6286.91
2016/9/28,2166.72,3230.89,6281.28
2016/9/29,2175.37,3244.39,6298.79
2016/9/30,2177.35,3253.28,6328.09
2016/10/10,2202.87,3293.87,6447.69
2016/10/11,2209.23,3306.56,6486.43
2016/10/12,2201,3300.01,6482.74
2016/10/13,2202.12,3302.65,6484.83
2016/10/14,2209.81,3305.85,6469.49
2016/10/17,2192.88,3277.88,6413.15
2016/10/18,2222.78,3321.33,6509.28
2016/10/19,2221.53,3316.24,6495.26
2016/10/20,2223.42,3318.6,6498.24
2016/10/21,2240.75,3327.74,6475.28
2016/10/24,2270.95,3367.58,6539.47
2016/10/25,2266.17,3367.45,6563.35
2016/10/26,2257.12,3354.8,6530.39
2016/10/27,2250.26,3345.7,6517.36
2016/10/28,2253.8,3340.13,6455.83
2016/10/31,2250.47,3336.28,6452.21
2016/11/1,2263.48,3359.05,6507.95
2016/11/2,2244.74,3333.35,6455.13
2016/11/3,2273.63,3365.09,6483.73
2016/11/4,2271.93,3354.17,6462.59
2016/11/7,2276.95,3356.59,6468.82
2016/11/8,2282.42,3371.12,6503.18
2016/11/9,2263.92,3353.05,6453.57
2016/11/10,2289.45,3390.61,6536.97
2016/11/11,2308.43,3417.22,6583.89
2016/11/14,2317.77,3430.25,6615.01
2016/11/15,2310.9,3429.87,6640.46
2016/11/16,2309.94,3429.59,6644.19
2016/11/17,2316.72,3436.54,6636.47
2016/11/18,2307.27,3417.46,6602.33
2016/11/21,2334.68,3441.11,6611.54
2016/11/22,2353,3468.36,6661.25
2016/11/23,2360.34,3474.73,6631.17
2016/11/24,2368.73,3488.74,6623.05
2016/11/25,2393.95,3521.3,6652.82
2016/11/28,2403.14,3535.08,6670.8
2016/11/29,2441.58,3564.04,6620.79
2016/11/30,2419.41,3538,6585.58
2016/12/1,2431.31,3565.04,6624.47
2016/12/2,2416.51,3528.95,6520.97
2016/12/5,2375.26,3469.41,6486.02
2016/12/6,2368.68,3459.15,6490.89
2016/12/7,2376.92,3475.75,6558.02
2016/12/8,2379,3470.14,6527.43
2016/12/9,2411.31,3493.7,6513.92
2016/12/12,2387.16,3409.18,6249.08
2016/12/13,2372.93,3405.04,6278.18
2016/12/14,2360.38,3378.95,6239.5
2016/12/15,2309.82,3340.43,6280.4
2016/12/16,2302.32,3346.03,6318.52
2016/12/19,2291.38,3328.98,6320.73
2016/12/20,2279.68,3309.06,6300.64
2016/12/21,2297.37,3338.54,6347.61
2016/12/22,2292.04,3335.67,6341.79
2016/12/23,2278.48,3307.6,6282
2016/12/26,2294.71,3322.4,6294.75
2016/12/27,2286.96,3316.39,6288.86
2016/12/28,2277.18,3301.89,6270.24
2016/12/29,2275.11,3297.76,6252.61
2016/12/30,2286.9,3310.08,6263.63
2017/1/3,2307.89,3342.23,6320.76
2017/1/4,2322.21,3368.31,6394.67
2017/1/5,2322.68,3367.79,6399.28
2017/1/6,2308.94,3347.67,6371.62
2017/1/9,2318.34,3363.9,6415.42
2017/1/10,2312.6,3358.27,6393.93
2017/1/11,2300.47,3334.5,6331.96
2017/1/12,2295.4,3317.62,6272.85
2017/1/13,2308.06,3319.91,6194.66
2017/1/16,2337.39,3319.45,6031.24
2017/1/17,2329.6,3326.36,6082.07
2017/1/18,2342.78,3339.37,6068.59
2017/1/19,2334.96,3329.29,6043.68
2017/1/20,2347.18,3354.89,6122
2017/1/23,2347.1,3364.08,6172.17
2017/1/24,2352.42,3364.45,6165.26
2017/1/25,2358.7,3375.9,6179.57
2017/1/26,2364.02,3387.96,6223.71
2017/2/3,2339.99,3364.49,6207.09
2017/2/6,2343.97,3373.21,6259.25
2017/2/7,2337.53,3365.68,6255.93
2017/2/8,2346.43,3383.29,6291.6
2017/2/9,2354.9,3396.29,6331.18
2017/2/10,2368.18,3413.49,6337.11
2017/2/13,2379.31,3436.28,6369.65
2017/2/14,2373.51,3435.8,6374.89
2017/2/15,2372.19,3421.71,6311.7
2017/2/16,2376.76,3440.93,6359.34
2017/2/17,2362.71,3421.44,6307.16
2017/2/20,2394.12,3471.39,6385.06
2017/2/21,2396.88,3482.82,6434.44
2017/2/22,2398.19,3489.76,6474.23
2017/2/23,2387.42,3473.32,6473.99
2017/2/24,2389.88,3473.85,6476.17
2017/2/27,2370.56,3446.22,6424.25
2017/2/28,2370.71,3452.81,6450.97
2017/3/1,2371.93,3458.44,6467.64
2017/3/2,2354.91,3435.1,6434.63
2017/3/3,2347.15,3427.86,6452.84
2017/3/6,2349.89,3446.48,6517.32
2017/3/7,2356.29,3453.96,6523.19
2017/3/8,2358.07,3448.73,6497.09
2017/3/9,2346.55,3426.94,6439.38
2017/3/10,2339.23,3427.89,6447.92
2017/3/13,2354.89,3458.1,6507.9
2017/3/14,2354.9,3456.69,6493.48
2017/3/15,2357.31,3463.64,6486.06
2017/3/16,2369.19,3481.51,6543.34
2017/3/17,2346.96,3445.81,6483.25
2017/3/20,2350.07,3449.61,6498.34
2017/3/21,2357.14,3466.35,6515.95
2017/3/22,2338.55,3450.05,6499.79
2017/3/23,2347.43,3461.98,6512.19
2017/3/24,2365.6,3489.6,6546.62
2017/3/27,2364.43,3478.04,6516.03
2017/3/28,2356.31,3469.81,6498.69
2017/3/29,2352.69,3465.19,6480.54
2017/3/30,2346.67,3436.76,6375.74
2017/3/31,2359.75,3456.05,6401.65
2017/4/5,2384.26,3503.89,6539.97
2017/4/6,2390.39,3514.05,6559.65
2017/4/7,2388.27,3517.46,6578.73
2017/4/10,2379.16,3505.14,6566.54
2017/4/11,2382.11,3517.33,6629.17
2017/4/12,2378.86,3509.44,6576.48
2017/4/13,2368.11,3514.57,6615.7
2017/4/14,2355.52,3486.5,6528.16
2017/4/17,2357.52,3479.94,6456.6
2017/4/18,2337.35,3462.74,6418.21
2017/4/19,2325.04,3445.88,6350.65
2017/4/20,2335.65,3461.55,6347.77
2017/4/21,2347.67,3466.79,6300.71
2017/4/24,2341.93,3431.26,6138.5
2017/4/25,2344.74,3440.97,6160.46
2017/4/26,2344.5,3445.18,6176.4
2017/4/27,2351.64,3446.72,6192.3
2017/4/28,2347.04,3439.75,6211.86
2017/5/2,2336.79,3426.58,6216.12
2017/5/3,2329.77,3413.13,6197.48
2017/5/4,2325.43,3404.39,6176.31
2017/5/5,2320.6,3382.55,6089.68
2017/5/8,2326.1,3358.81,5975.54
2017/5/9,2316.29,3352.53,6012
2017/5/10,2324.92,3337.7,5885.84
2017/5/11,2339.29,3356.65,5872.64
2017/5/12,2375.45,3385.38,5863.78
2017/5/15,2381.75,3399.19,5893.51
2017/5/16,2381.32,3428.65,6014.73
2017/5/17,2363.56,3409.97,6027.65
2017/5/18,2354.75,3398.11,5976.3
2017/5/19,2361.66,3403.85,5974.98
2017/5/22,2381.55,3411.24,5888.81
2017/5/23,2411.8,3424.19,5764.88
2017/5/24,2407.57,3424.17,5799.25
2017/5/25,2473.5,3485.66,5850.8
2017/5/26,2471.21,3480.43,5836.93
2017/5/31,2479.08,3492.88,5824.1
2017/6/1,2496.45,3497.74,5710
2017/6/2,2475.46,3486.51,5772.52
2017/6/5,2450.35,3468.75,5815.8
2017/6/6,2466.01,3492.88,5841.52
2017/6/7,2484.03,3533.87,5955.02
2017/6/8,2507.03,3560.98,5958.98
2017/6/9,2519.27,3576.17,5969.27
2017/6/12,2521.17,3574.39,5902.86
2017/6/13,2515.14,3582.27,5980.06
2017/6/14,2477.32,3535.3,5966.43
2017/6/15,2461.97,3528.79,6021.17
2017/6/16,2452.79,3518.76,6013
2017/6/19,2484.12,3553.67,6057.41
2017/6/20,2474.43,3546.49,6066.9
2017/6/21,2497.25,3587.96,6078.19
2017/6/22,2516.67,3590.34,5992.34
2017/6/23,2529.1,3622.88,6010.31
2017/6/26,2543.32,3668.09,6111.64
2017/6/27,2554.7,3674.72,6113.17
2017/6/28,2537.64,3646.17,6086.21
2017/6/29,2552.98,3668.83,6116.99
2017/6/30,2549.97,3666.8,6138.16
2017/7/3,2534.37,3650.85,6177.4
2017/7/4,2511.15,3619.98,6146.85
2017/7/5,2548.1,3659.68,6193.96
2017/7/6,2553.88,3660.1,6201.65
2017/7/7,2543.66,3655.93,6226.01
2017/7/10,2550.11,3653.69,6206.56
2017/7/11,2570.59,3670.81,6128.99
2017/7/12,2565.14,3658.82,6132.99
2017/7/13,2600.95,3686.92,6149.93
2017/7/14,2622.98,3703.09,6128.74
2017/7/17,2631.41,3663.56,5876.46
2017/7/18,2624.31,3667.18,5938.43
2017/7/19,2657.89,3729.75,6059.36
2017/7/20,2665.45,3747.88,6099.28
2017/7/21,2639.21,3728.6,6126.11
2017/7/24,2654.38,3743.47,6167.13
2017/7/25,2643.07,3719.56,6153.6
2017/7/26,2636.2,3705.39,6146.7
2017/7/27,2636.63,3712.19,6184.02
2017/7/28,2636.39,3721.89,6215.46
2017/7/31,2638.12,3737.87,6298
2017/8/1,2681.81,3770.38,6286.54
2017/8/2,2680.63,3760.85,6251.86
2017/8/3,2646.22,3727.83,6261.97
2017/8/4,2627.8,3707.58,6225.12
2017/8/7,2634.18,3726.79,6303.42
2017/8/8,2635.18,3732.21,6303.72
2017/8/9,2620.38,3731.04,6340.02
2017/8/10,2611.34,3715.92,6289.22
2017/8/11,2570.26,3647.35,6161.19
2017/8/14,2591.45,3694.68,6292.64
2017/8/15,2605.24,3706.06,6314.76
2017/8/16,2595,3701.42,6318.8
2017/8/17,2604.08,3721.28,6366.03
2017/8/18,2613.26,3724.67,6347.76
2017/8/21,2616.82,3740.99,6403.78
2017/8/22,2643.5,3752.3,6375.98
2017/8/23,2659.78,3756.09,6322.78
2017/8/24,2646.4,3734.65,6278.59
2017/8/25,2706.24,3795.75,6346.53
2017/8/28,2736.46,3842.71,6424.58
2017/8/29,2739.13,3834.54,6408.16
2017/8/30,2728.23,3834.3,6453.46
2017/8/31,2714.63,3822.09,6470.43
2017/9/1,2710.12,3830.54,6526.5
2017/9/4,2711.35,3845.62,6564.68
2017/9/5,2729.85,3857.05,6571.86
2017/9/6,2714.33,3849.45,6607.12
2017/9/7,2691.83,3829.87,6558.6
2017/9/8,2686.69,3825.99,6574.18
2017/9/11,2674.75,3825.65,6649.63
2017/9/12,2692.54,3837.93,6644.01
2017/9/13,2687.67,3842.61,6684.38
2017/9/14,2672.84,3829.96,6672.18
2017/9/15,2668.38,3831.3,6622.04
2017/9/18,2674.18,3843.14,6669.45
2017/9/19,2670.69,3832.12,6636.02
2017/9/20,2662.63,3842.44,6692.47
2017/9/21,2675.55,3837.82,6612.05
2017/9/22,2679.05,3837.73,6572.01
2017/9/25,2680.65,3817.79,6489.84
2017/9/26,2678.99,3820.78,6520.72
2017/9/27,2661.55,3821.2,6583.14
2017/9/28,2661.28,3822.54,6567.79
2017/9/29,2672.33,3836.5,6603.26
2017/10/9,2692.08,3882.21,6678.37
2017/10/10,2695.54,3889.86,6705.48
2017/10/11,2707.52,3902.69,6666.47
2017/10/12,2718.35,3912.95,6659.1
2017/10/13,2713.38,3921,6709.82
2017/10/16,2726.64,3913.45,6619.21
2017/10/17,2723.53,3913.07,6612.94
2017/10/18,2753.01,3944.16,6563.44
2017/10/19,2756.04,3931.25,6501.4
2017/10/20,2737.64,3926.85,6571.42
2017/10/23,2734.37,3930.8,6612.76
2017/10/24,2753.65,3959.4,6603
2017/10/25,2752.14,3976.95,6647.89
2017/10/26,2771.04,3993.58,6671.93
2017/10/27,2814.27,4021.97,6630.81
2017/10/30,2809.11,4009.72,6511.76
2017/10/31,2793.71,4006.72,6560.21
2017/11/1,2789.4,3996.62,6552.95
2017/11/2,2794.1,3997.13,6484.93
2017/11/3,2800.47,3992.7,6426.98
2017/11/6,2792.22,4020.89,6511.1
2017/11/7,2821.96,4054.25,6551.94
2017/11/8,2819.96,4048.01,6561.69
2017/11/9,2832.96,4075.9,6611.35
2017/11/10,2862.34,4111.91,6641.22
2017/11/13,2873.51,4128.07,6671.21
2017/11/14,2861.42,4099.35,6614.51
2017/11/15,2850.05,4073.67,6537.66
2017/11/16,2879.4,4105.01,6558.31
2017/11/17,2938.8,4120.85,6361.94
2017/11/20,2941.15,4143.83,6433.17
2017/11/21,2987.17,4217.7,6456.35
2017/11/22,3012.36,4227.57,6439.44
2017/11/23,2940.73,4102.4,6274.51
2017/11/24,2936.83,4104.2,6278.03
2017/11/27,2917.31,4049.95,6194.55
2017/11/28,2897.11,4055.82,6299.31
2017/11/29,2893.28,4053.75,6318.37
2017/11/30,2863.45,4006.1,6263.42
2017/12/1,2842.18,3998.14,6316.41
2017/12/4,2861.36,4018.86,6279.62
2017/12/5,2910.48,4040.17,6132.91
2017/12/6,2875.73,4015.82,6172.8
2017/12/7,2848.89,3971.06,6135.47
2017/12/8,2865.34,4003.38,6203.14
2017/12/11,2899.1,4069.5,6286.17
2017/12/12,2850.2,4016.02,6233.21
2017/12/13,2872.94,4050.09,6277.44
2017/12/14,2850.05,4026.15,6284.08
2017/12/15,2820.17,3980.86,6235.76
2017/12/18,2829.06,3985.29,6199.99
2017/12/19,2873.03,4035.33,6251.24
2017/12/20,2879.64,4030.49,6199.36
2017/12/21,2895.37,4067.85,6238.5
2017/12/22,2880.77,4054.6,6242.88
2017/12/25,2880.1,4041.54,6185.59
2017/12/26,2894.34,4053.62,6220.15
2017/12/27,2839.63,3991.21,6173.15
2017/12/28,2859.05,4018.9,6204.27
2017/12/29,2860.44,4030.85,6250.82
2018/1/2,2908.73,4087.4,6332.23
2018/1/3,2913.26,4111.39,6388.25
2018/1/4,2919.48,4128.81,6417.54
2018/1/5,2932.36,4138.75,6417.25
2018/1/8,2947.76,4160.16,6446.18
2018/1/9,2969.32,4189.3,6445.75
2018/1/10,2995.56,4207.81,6405.94
2018/1/11,2997.04,4205.59,6425.94
2018/1/12,3018.6,4225,6399.37
2018/1/15,3048.81,4225.24,6253.38
2018/1/16,3063.86,4258.47,6301.13
2018/1/17,3076.18,4248.12,6267.46
2018/1/18,3106.55,4271.42,6286.8
2018/1/19,3117.82,4285.4,6272.38
2018/1/22,3130.33,4336.6,6347.64
2018/1/23,3176.5,4382.61,6355
2018/1/24,3180.33,4389.89,6394.3
2018/1/25,3157.46,4365.08,6382.72
2018/1/26,3172.78,4381.3,6383.63
2018/1/29,3120.7,4302.02,6309.88
2018/1/30,3079.12,4256.1,6313.44
2018/1/31,3116.83,4275.9,6189.34
2018/2/1,3141.23,4245.9,5984.74
2018/2/2,3149.64,4271.23,6004.85
2018/2/5,3181.34,4274.15,5998.22
2018/2/6,3117.49,4148.89,5704.26
2018/2/7,3029.6,4050.5,5711.33
2018/2/8,2945.84,4012.05,5766.48
2018/2/9,2810.03,3840.65,5554.9
2018/2/12,2805.21,3890.1,5699.1
2018/2/13,2852.72,3935.63,5736.95
2018/2/14,2871.79,3966.96,5754.83
2018/2/22,2931.88,4052.73,5875.73
2018/2/23,2957.17,4071.09,5897.68
2018/2/26,2973.79,4118.42,6029.68
2018/2/27,2927.1,4058.98,6010.56
2018/2/28,2878.67,4023.64,6023.68
2018/3/1,2891.3,4049.09,6090.22
2018/3/2,2864.18,4016.46,6056.34
2018/3/5,2863.99,4018.1,6064.1
2018/3/6,2892.48,4066.56,6145.58
2018/3/7,2878.15,4036.65,6086.49
2018/3/8,2898.25,4077.6,6131.51
2018/3/9,2908.2,4108.87,6206.98
2018/3/12,2909.58,4127.67,6295.78
2018/3/13,2883.38,4091.25,6254.15
2018/3/14,2871.33,4073.34,6189.32
2018/3/15,2894.98,4096.16,6180.11
2018/3/16,2870.73,4056.42,6146.31
2018/3/19,2897.26,4074.25,6153.83
2018/3/20,2904.4,4077.7,6173.7
2018/3/21,2894.18,4061.05,6129.2
2018/3/22,2866.67,4020.35,6101.23
2018/3/23,2791.47,3904.94,5787.15
2018/3/26,2738.87,3879.89,5902.96
2018/3/27,2747.59,3913.27,6034.78
2018/3/28,2694.83,3842.72,5973.34
2018/3/29,2738.79,3894.05,6034.86
2018/3/30,2722.15,3898.5,6114.74
2018/4/2,2711.37,3886.92,6121.96
2018/4/3,2697.27,3862.48,6059.71
2018/4/4,2702.37,3854.86,6017.69
2018/4/9,2715.73,3852.93,6025.65
2018/4/10,2780.8,3927.17,6063.74
2018/4/11,2785.34,3938.34,6086.61
2018/4/12,2749.7,3898.64,6051.33
2018/4/13,2726.4,3871.14,6027.19
2018/4/16,2664.7,3808.86,6012.41
2018/4/17,2635.7,3748.64,5890.86
2018/4/18,2653.77,3766.28,5970.66
2018/4/19,2682.55,3811.84,6004.73
2018/4/20,2647.38,3760.85,5880.84
2018/4/23,2664.92,3766.33,5823.92
2018/4/24,2722.85,3843.49,5957.19
2018/4/25,2702.98,3828.7,5959.42
2018/4/26,2666.02,3755.49,5847.98
2018/4/27,2653.54,3756.88,5860.98
2018/5/2,2652.73,3763.65,5855.32
2018/5/3,2663.98,3793,5910.61
2018/5/4,2646.35,3774.6,5909.29
2018/5/7,2683.85,3834.19,6019.14
2018/5/8,2722.88,3878.68,6041.81
2018/5/9,2717.24,3871.62,6029.23
2018/5/10,2729.4,3893.06,6040.57
2018/5/11,2724.72,3872.84,5991.34
2018/5/14,2753.54,3909.29,5967.55
2018/5/15,2750.83,3924.1,6020.57
2018/5/16,2716.78,3892.84,6004.07
2018/5/17,2700.88,3864.05,5973.78
2018/5/18,2740.53,3903.06,5995.15
2018/5/21,2745.8,3921.24,6072.2
2018/5/22,2728,3906.21,6092.91
2018/5/23,2683.69,3854.58,6013.85
2018/5/24,2665.68,3827.22,5992.62
2018/5/25,2661.29,3816.5,5917.8
2018/5/28,2673.2,3833.26,5891.26
2018/5/29,2663.4,3804.01,5835.45
2018/5/30,2605.9,3723.37,5682.59
2018/5/31,2658.29,3802.38,5754.47
2018/6/1,2647.19,3770.59,5685.12
2018/6/4,2694.58,3807.58,5683.15
2018/6/5,2707.02,3845.32,5779.08
2018/6/6,2692.18,3837.35,5774.26
2018/6/7,2695.24,3831.01,5738.02
2018/6/8,2652.08,3779.62,5669.3
2018/6/11,2660.41,3779.98,5632.36
2018/6/12,2687.7,3825.95,5693.35
2018/6/13,2671.63,3788.34,5607.02
2018/6/14,2671.3,3773.37,5586.93
2018/6/15,2667.98,3753.43,5483.94
2018/6/19,2599.78,3621.12,5141.71
2018/6/20,2598.33,3635.44,5198.39
2018/6/21,2579.05,3592.97,5089.25
2018/6/22,2583.71,3608.9,5160.12
2018/6/25,2536.46,3560.48,5125.03
2018/6/26,2506.72,3531.11,5160.28
2018/6/27,2452.64,3459.26,5109.5
2018/6/28,2425.18,3423.53,5055.11
2018/6/29,2479.91,3510.98,5217.76
2018/7/2,2386.38,3407.96,5138.78
2018/7/3,2388.98,3409.28,5197.13
2018/7/4,2368.43,3363.75,5121.34
2018/7/5,2374.36,3342.44,4982.76
2018/7/6,2402.62,3365.12,4996.63
2018/7/9,2471.29,3459.18,5107.55
2018/7/10,2471.23,3467.52,5136.53
2018/7/11,2432.28,3407.53,5036.16
2018/7/12,2474.62,3481.06,5172.5
2018/7/13,2476.86,3492.69,5204.19
2018/7/16,2448.77,3472.09,5195.2
2018/7/17,2430.44,3449.38,5196.2
2018/7/18,2420.76,3431.32,5156.64
2018/7/19,2426.16,3428.34,5111.33
2018/7/20,2493.77,3492.89,5175.25
2018/7/23,2526.81,3525.75,5214
2018/7/24,2563.58,3581.71,5304.64
2018/7/25,2563.69,3577.75,5308.66
2018/7/26,2530.99,3536.25,5273.48
2018/7/27,2525.09,3521.23,5249.29
2018/7/30,2541.31,3515.08,5185.15
2018/7/31,2545.12,3517.66,5188.72
2018/8/1,2490.25,3447.39,5105.37
2018/8/2,2440.31,3370.96,4996.01
2018/8/3,2413.5,3315.28,4929.75
2018/8/6,2406.54,3273.27,4825.25
2018/8/7,2479.78,3368.87,4956.87
2018/8/8,2447,3314.51,4880.57
2018/8/9,2504.62,3397.53,5004.77
2018/8/10,2503.21,3405.02,5030.51
2018/8/13,2478.51,3390.34,5055.28
2018/8/14,2469.2,3372.91,5037.88
2018/8/15,2408.72,3291.98,4932.81
2018/8/16,2405.16,3276.73,4888.37
2018/8/17,2374.17,3229.62,4803.03
2018/8/20,2409.13,3267.25,4832.65
2018/8/21,2452.38,3326.65,4891.98
2018/8/22,2450.15,3307.95,4837.02
2018/8/23,2461.07,3320.03,4863.67
2018/8/24,2472,3325.33,4852.29
2018/8/27,2522.34,3406.57,4960.07
2018/8/28,2511.15,3400.17,4974.21
2018/8/29,2503.48,3386.57,4941.96
2018/8/30,2479.21,3351.09,4867.12
2018/8/31,2474.48,3334.5,4814.82
2018/9/3,2465.88,3321.82,4838.87
2018/9/4,2500.44,3363.9,4890.28
2018/9/5,2441.23,3298.14,4815.03
2018/9/6,2416.03,3262.88,4793.35
2018/9/7,2437.68,3277.64,4791.78
2018/9/10,2413.43,3230.07,4704.88
2018/9/11,2398.77,3224.21,4702.9
2018/9/12,2381.39,3202.02,4693.97
2018/9/13,2415.31,3236.57,4721.21
2018/9/14,2425.42,3242.09,4670.08
2018/9/17,2399.88,3204.92,4602.39
2018/9/18,2458.77,3269.43,4683.51
2018/9/19,2487.08,3312.48,4736.89
2018/9/20,2487.42,3310.13,4733.48
2018/9/21,2573.6,3410.49,4805.22
2018/9/25,2547.79,3379.8,4792.55
2018/9/26,2582.77,3417.24,4815.63
2018/9/27,2575.45,3403.59,4755.38
2018/9/28,2606.67,3438.86,4800.73
2018/10/8,2486.82,3290.9,4646.49
2018/10/9,2491.66,3288.69,4634.89
2018/10/10,2494.06,3281.6,4629.89
2018/10/11,2390.5,3124.11,4307.42
2018/10/12,2444.13,3170.73,4278.04
2018/10/15,2412.48,3126.45,4199.15
2018/10/16,2415.49,3100.97,4099.68
2018/10/17,2429.21,3118.25,4133.38
2018/10/18,2369.07,3044.39,4018.46
2018/10/19,2446.32,3134.95,4127.99
2018/10/22,2540.15,3270.27,4333.14
2018/10/23,2464.81,3183.43,4253.56
2018/10/24,2477.49,3188.2,4245.49
2018/10/25,2485.1,3194.31,4234.42
2018/10/26,2468.91,3173.64,4233.96
2018/10/29,2389.58,3076.89,4162.53
2018/10/30,2415.65,3110.26,4204.54
2018/10/31,2451.12,3153.82,4272.55
2018/11/1,2460.16,3177.03,4298.98
2018/11/2,2542.77,3290.25,4437.95
2018/11/5,2511.59,3262.84,4440.83
2018/11/6,2499.68,3243.15,4438.1
2018/11/7,2482.33,3221.91,4415.14
2018/11/8,2486,3212.77,4382.33
2018/11/9,2434.21,3167.44,4368.61
2018/11/12,2444.97,3205.14,4481.69
2018/11/13,2462.97,3237.38,4563.54
2018/11/14,2429.99,3204.94,4545.51
2018/11/15,2459.14,3242.37,4619.81
2018/11/16,2461.44,3257.67,4659.1
2018/11/19,2492.08,3294.6,4670.74
2018/11/20,2446.79,3218.41,4537.45
2018/11/21,2451.27,3226.49,4554.67
2018/11/22,2437.64,3214.43,4551.33
2018/11/23,2399.2,3143.48,4374.76
2018/11/26,2401.9,3141.24,4367.46
2018/11/27,2394.29,3137.24,4387.65
2018/11/28,2421.13,3178.93,4441.86
2018/11/29,2401.85,3137.65,4345.7
2018/11/30,2428.04,3172.69,4376.65
2018/12/3,2488.06,3260.95,4515.17
2018/12/4,2496.14,3267.71,4536.21
2018/12/5,2481.79,3252,4502.7
2018/12/6,2434.49,3181.67,4411.09
2018/12/7,2430.72,3181.56,4410.96
2018/12/10,2408.61,3144.76,4359.31
2018/12/11,2415.58,3159.82,4395.57
2018/12/12,2423.32,3170.61,4393.32
2018/12/13,2457.9,3219.69,4443.16
2018/12/14,2423.38,3165.91,4337.1
2018/12/17,2425.94,3161.2,4330.65
2018/12/18,2397.87,3128.43,4307.27
2018/12/19,2369.55,3091.13,4247.9
2018/12/20,2334.92,3067.42,4259.76
2018/12/21,2306.15,3029.4,4231.14
2018/12/24,2309.23,3038.2,4274.72
2018/12/25,2297.33,3017.28,4225.51
2018/12/26,2281.56,3002.03,4208.41
2018/12/27,2276.06,2990.51,4161.27
2018/12/28,2293.1,3010.65,4168.04
2019/1/2,2262.79,2969.54,4131.96
2019/1/3,2269.24,2964.84,4112.81
2019/1/4,2314.65,3035.87,4210.88
2019/1/7,2314.32,3054.3,4288.32
2019/1/8,2305.17,3047.7,4277.3
2019/1/9,2332.72,3078.48,4288.77
2019/1/10,2331.85,3072.69,4281.86
2019/1/11,2354.5,3094.78,4314.88
2019/1/14,2331.14,3067.78,4286.55
2019/1/15,2378.37,3127.99,4347.36
2019/1/16,2381.22,3128.65,4336.88
2019/1/17,2371.35,3111.42,4303.73
2019/1/18,2417.36,3168.17,4347.81
2019/1/21,2432.49,3185.64,4373.63
2019/1/22,2401.23,3143.32,4308.25
2019/1/23,2397.05,3141.05,4315.68
2019/1/24,2411.56,3158.78,4338.17
2019/1/25,2441.64,3184.47,4318.44
2019/1/28,2437.03,3183.78,4307.22
2019/1/29,2455.9,3193.97,4254.29
2019/1/30,2440.01,3168.48,4211.62
2019/1/31,2483.47,3201.63,4176.47
2019/2/1,2499.64,3247.4,4294.27
2019/2/11,2527.47,3306.47,4402.87
2019/2/12,2533.18,3330.34,4439.49
2019/2/13,2580.61,3397.03,4512.41
2019/2/14,2576.31,3402.14,4532.17
2019/2/15,2517.46,3338.7,4502.73
2019/2/18,2582.85,3445.74,4661
2019/2/19,2579.05,3439.61,4667.28
2019/2/20,2588.17,3451.93,4667.62
2019/2/21,2577.23,3442.71,4659.14
2019/2/22,2623.07,3520.12,4777.3
2019/2/25,2787.7,3729.48,5044.35
2019/2/26,2733.9,3684.69,5038.54
2019/2/27,2750.34,3678.39,5017.88
2019/2/28,2743.97,3669.37,5025.29
2019/3/1,2819.47,3749.71,5067.23
2019/3/4,2832.59,3794.1,5158.25
2019/3/5,2828.87,3816.01,5295.29
2019/3/6,2840.27,3848.09,5390.03
2019/3/7,2789.7,3808.85,5458.62
2019/3/8,2685.59,3657.58,5245.7
2019/3/11,2708.6,3729.95,5456.38
2019/3/12,2719.77,3755.35,5551
2019/3/13,2723.96,3724.19,5424.86
2019/3/14,2729.13,3698.49,5298.5
2019/3/15,2755.81,3745.01,5359.01
2019/3/18,2825.18,3851.75,5501.18
2019/3/19,2806.9,3833.96,5522.18
2019/3/20,2812.92,3835.44,5515.79
2019/3/21,2802.96,3836.89,5589.48
2019/3/22,2795.39,3833.8,5622.14
2019/3/25,2718.18,3742.83,5549.67
2019/3/26,2706.15,3700.44,5394.88
2019/3/27,2741.59,3743.39,5447.88
2019/3/28,2733.97,3728.4,5370.12
2019/3/29,2838.51,3872.34,5547.66
2019/4/1,2892.62,3973.93,5757.84
2019/4/2,2888.53,3971.29,5775.55
2019/4/3,2920,4022.16,5836.04
2019/4/4,2951.98,4062.23,5871.56
2019/4/8,2962.27,4057.23,5847.63
2019/4/9,2967.51,4075.43,5858.05
2019/4/10,2979.1,4085.85,5850.76
2019/4/11,2928.43,3997.58,5727.17
2019/4/12,2920.52,3988.62,5714.37
2019/4/15,2924.93,3975.52,5655.98
2019/4/16,3023.03,4085.79,5777.01
2019/4/17,3017.42,4087.24,5807.73
2019/4/18,3004.92,4072.08,5775.17
2019/4/19,3042.43,4120.61,5810.18
2019/4/22,2970.49,4025.61,5723.04
2019/4/23,2978.85,4019.01,5628.06
2019/4/24,2974.85,4030.09,5679.73
2019/4/25,2928,3941.82,5458.42
2019/4/26,2892.86,3889.27,5408.03
2019/4/29,2939.41,3900.33,5265.6
2019/4/30,2945.24,3913.21,5307.56
2019/5/6,2805.04,3684.62,4908.8
2019/5/7,2806.26,3720.67,4973.4
2019/5/8,2758.24,3667.46,4947.74
2019/5/9,2698.78,3599.7,4888.41
2019/5/10,2793.76,3730.45,5064.32
2019/5/13,2741.11,3668.73,5005.9
2019/5/14,2724.73,3645.15,4965.61
2019/5/15,2783.54,3727.09,5076.56
2019/5/16,2791.41,3743.96,5108.36
2019/5/17,2735.21,3648.76,4942.58
2019/5/20,2715.43,3617.79,4923.56
2019/5/21,2739.79,3666.78,5009.87
2019/5/22,2725.73,3649.38,4976.39
2019/5/23,2685.93,3583.96,4872.92
2019/5/24,2702.03,3593.91,4841.76
2019/5/27,2722.33,3637.2,4962.95
2019/5/28,2748.8,3672.26,4955.49
2019/5/29,2755.81,3663.91,4956.86
2019/5/30,2742.96,3641.18,4926.4
2019/5/31,2728.95,3629.79,4912
2019/6/3,2743.06,3632.01,4853.82
2019/6/4,2721.31,3598.47,4795.41
2019/6/5,2719.59,3597.11,4783.82
2019/6/6,2706.76,3564.68,4678.78
2019/6/10,2743.37,3610.74,4725.26
2019/6/11,2812.9,3719.28,4901.47
2019/6/12,2796.73,3691.1,4863.49
2019/6/13,2794.54,3685.39,4877.65
2019/6/14,2785.61,3654.88,4795.53
2019/6/17,2793.7,3654.82,4802.82
2019/6/18,2806.45,3667.62,4797.15
2019/6/19,2842.74,3715.94,4858.92
2019/6/20,2942.63,3828.52,4954.73
2019/6/21,2938.77,3833.94,5021.31
2019/6/24,2949.52,3841.27,5024.2
2019/6/25,2910.12,3801.31,4974.99
2019/6/26,2903.49,3794.33,4962.59
2019/6/27,2937.13,3834.82,5007.48
2019/6/28,2930.6,3825.59,4950.48
2019/7/1,3002.94,3935.81,5100.26
2019/7/2,2999.08,3937.17,5084.41
2019/7/3,2964.73,3893.53,5040.72
2019/7/4,2953.27,3873.1,5025.02
2019/7/5,2961.92,3893.2,5042.66
2019/7/8,2897.51,3802.79,4870.78
2019/7/9,2881.55,3793.13,4881.62
2019/7/10,2878.78,3786.74,4843.86
2019/7/11,2887.83,3785.22,4844.55
2019/7/12,2902.13,3808.73,4861.57
2019/7/15,2902.61,3824.19,4925.32
2019/7/16,2884.56,3806.84,4932.05
2019/7/17,2875.03,3804.64,4929.09
2019/7/18,2859.16,3768.4,4844.11
2019/7/19,2895.62,3807.96,4878.69
2019/7/22,2881.9,3781.68,4776.57
2019/7/23,2881.1,3789.91,4823.92
2019/7/24,2906.55,3819.83,4873.03
2019/7/25,2931.18,3851.07,4891.64
2019/7/26,2939.35,3858.57,4898.11
2019/7/29,2930.49,3854.27,4897.02
2019/7/30,2944.03,3870.32,4922.92
2019/7/31,2912.66,3835.36,4903.2
2019/8/1,2887.87,3803.47,4870.47
2019/8/2,2843.77,3747.44,4809.92
2019/8/5,2786.72,3675.69,4751.98
2019/8/6,2760.68,3636.33,4650.56
2019/8/7,2747.25,3621.43,4626.36
2019/8/8,2786.87,3669.29,4656.1
2019/8/9,2772.15,3633.53,4600.35
2019/8/12,2824.8,3699.1,4685.05
2019/8/13,2792.91,3665.75,4658.39
2019/8/14,2804.36,3682.4,4683.84
2019/8/15,2814.39,3694,4706.55
2019/8/16,2824.23,3710.54,4722.66
2019/8/19,2877.23,3791.09,4875.04
2019/8/20,2875.65,3787.73,4872.61
2019/8/21,2869.22,3781.76,4882.72
2019/8/22,2878,3793.51,4887.91
2019/8/23,2917.38,3820.86,4887.9
2019/8/26,2863.48,3765.91,4855.46
2019/8/27,2887.24,3816.95,4936.12
2019/8/28,2867.03,3802.58,4928.19
2019/8/29,2855.45,3790.19,4934.18
2019/8/30,2872.4,3799.59,4886.49
2019/9/2,2894.96,3848.32,5008.3
2019/9/3,2892.18,3853.61,5044.18
2019/9/4,2919.68,3886,5093.27
2019/9/5,2955.84,3925.32,5138.41
2019/9/6,2981.07,3948.51,5154.64
2019/9/9,2981.59,3972.95,5263.46
2019/9/10,2969.8,3959.27,5245.31
2019/9/11,2957.14,3930.1,5217.29
2019/9/12,2999.56,3972.38,5242.61
2019/9/16,2982.45,3957.72,5250.34
2019/9/17,2937.01,3891.22,5140.45
2019/9/18,2954.36,3910.08,5141.04
2019/9/19,2956.83,3924.38,5191.67
2019/9/20,2963.43,3935.65,5204.48
2019/9/23,2930.91,3890.66,5171.48
2019/9/24,2940.08,3901.08,5180.74
2019/9/25,2928.84,3870.98,5087.01
2019/9/26,2927.88,3841.14,4970.24
2019/9/27,2929.47,3852.65,5005.63
2019/9/30,2897.7,3814.53,4940.9
2019/10/8,2922.35,3837.68,4941.76
2019/10/9,2922.98,3843.24,4982.95
2019/10/10,2940.8,3874.64,5046.36
2019/10/11,2983.12,3911.73,5055.52
2019/10/14,3013.53,3953.24,5131.13
2019/10/15,3015.42,3936.25,5061
2019/10/16,3004.72,3922.69,5038.36
2019/10/17,3011.75,3925.22,5029.85
2019/10/18,2963.18,3869.38,4961.81
2019/10/21,2968.91,3880.84,4951.04
2019/10/22,2973.22,3895.88,5005.55
2019/10/23,2954.31,3871.08,4967.19
2019/10/24,2959.03,3870.67,4958.25
2019/10/25,2967.05,3896.79,4994.57
2019/10/28,2981.36,3926.59,5084.47
2019/10/29,2968.28,3910.23,5007.71
2019/10/30,2952.12,3891.23,4947.9
2019/10/31,2954.73,3886.75,4917.42
2019/11/1,3002.65,3952.39,4962.35
2019/11/4,3022.27,3978.12,4987.84
2019/11/5,3039.98,4002.81,5025.3
2019/11/6,3032.79,3984.88,4974.73
2019/11/7,3033.3,3991.87,5007.07
2019/11/8,3012.46,3973.01,4988.29
2019/11/11,2965.71,3902.98,4876.16
2019/11/12,2971.36,3903.69,4881.61
2019/11/13,2967.67,3899.98,4875.54
2019/11/14,2968.57,3905.86,4912.11
2019/11/15,2954.7,3877.09,4868.44
2019/11/18,2980.95,3907.93,4892.46
2019/11/19,3000.75,3947.04,4975.11
2019/11/20,2968.12,3907.86,4946.28
2019/11/21,2949.34,3889.6,4945.72
2019/11/22,2922.27,3849.99,4904.08
2019/11/25,2951.25,3878.21,4901.5
2019/11/26,2946.57,3891.65,4882.16
2019/11/27,2944.32,3875.62,4904.26
2019/11/28,2930.48,3862.3,4889.26
2019/11/29,2894.72,3828.67,4894.94
2019/12/2,2899.44,3836.06,4905.42
2019/12/3,2909.62,3851.09,4926.45
2019/12/4,2901.07,3849.82,4920.67
2019/12/5,2921.95,3879.36,4967.6
2019/12/6,2939.82,3902.39,5010.51
2019/12/9,2933.04,3895.45,5024.6
2019/12/10,2936.99,3900.38,5049.05
2019/12/11,2949.65,3902.75,5027.28
2019/12/12,2938.04,3891.02,5012
2019/12/13,3006.31,3968.22,5073.69
2019/12/16,2999.2,3987.55,5166.04
2019/12/17,3033.14,4041.8,5236.06
2019/12/18,3025.78,4032.78,5235.12
2019/12/19,3017.71,4027.15,5241.74
2019/12/20,3012.63,4017.25,5184.68
2019/12/23,2984.24,3967.1,5084.35
2019/12/24,2996.77,3992.96,5162.07
2019/12/25,2986,3990.87,5183.1
2019/12/26,3011.64,4025.99,5219.14
2019/12/27,3017.78,4022.03,5179.19
2019/12/30,3062.75,4081.63,5241.94
2019/12/31,3063.22,4096.58,5267.66
2020/1/2,3090.83,4152.24,5366.14
2020/1/3,3078.28,4144.96,5380.64
2020/1/6,3056.84,4129.3,5434.85
2020/1/7,3074.02,4160.23,5499.84
2020/1/8,3037.85,4112.32,5423.8
2020/1/9,3067.55,4164.37,5497.54
2020/1/10,3067.88,4163.18,5480.23
2020/1/13,3090.13,4203.99,5559.63
2020/1/14,3080.6,4189.89,5542.33
2020/1/15,3058.01,4166.73,5530.03
2020/1/16,3043.09,4149.04,5527.67
2020/1/17,3053.17,4154.85,5510.05
2020/1/20,3065.99,4185.83,5587.54
2020/1/21,3012.11,4114.31,5523.94
2020/1/22,3017.88,4131.93,5575.51
2020/1/23,2932.49,4003.9,5377.74
2020/2/3,2727.09,3688.36,4910.9
2020/2/4,2794.66,3785.64,4996.47
2020/2/5,2812.9,3828.53,5123.96
2020/2/6,2854.89,3899.78,5282.89
2020/2/7,2851.71,3899.87,5327.04
2020/2/10,2850.06,3916.01,5388.43
2020/2/11,2879.86,3952.46,5361.28
2020/2/12,2895.59,3984.43,5459.95
2020/2/13,2875.48,3959.92,5412.84
2020/2/14,2895.06,3987.73,5420.8
2020/2/17,2950.07,4077.42,5594.44
2020/2/18,2924.4,4057.51,5660.81
2020/2/19,2923.76,4051.31,5603.26
2020/2/20,2978.18,4144.66,5706.71
2020/2/21,2968.14,4149.49,5784.03
2020/2/24,2930.03,4132.84,5865.47
2020/2/25,2909.32,4123.85,5897.72
2020/2/26,2901.67,4073.02,5743.39
2020/2/27,2912.04,4084.88,5753.73
2020/2/28,2821.04,3940.05,5451.29
2020/3/2,2907.89,4069.67,5656.42
2020/3/3,2921.44,4091.36,5710.02
2020/3/4,2947.57,4115.05,5716.51
2020/3/5,3018.07,4206.73,5801.12
2020/3/6,2964.83,4138.51,5763.86
2020/3/9,2868.83,3997.13,5525.82
2020/3/10,2924.22,4082.73,5675.11
2020/3/11,2888.36,4028.43,5589.53
2020/3/12,2841.98,3950.91,5493.88
2020/3/13,2798.77,3895.31,5457.2
2020/3/16,2694.02,3727.84,5200.11
2020/3/17,2685.59,3709.68,5212.06
2020/3/18,2625.75,3636.26,5119.47
2020/3/19,2569.79,3589.09,5157.82
2020/3/20,2628.42,3653.22,5219.28
2020/3/23,2559.62,3530.31,4998.91
2020/3/24,2639.38,3625.11,5096.04
2020/3/25,2700.19,3722.52,5217.42
2020/3/26,2689.28,3698.05,5166.11
2020/3/27,2701.44,3710.06,5137.34
2020/3/30,2690.04,3674.11,5027.49
2020/3/31,2689.38,3686.16,5041.45
2020/4/1,2682.08,3675.08,5019.22
2020/4/2,2719.89,3734.53,5147.2
2020/4/3,2708.82,3713.22,5107.04
2020/4/7,2757.41,3798.02,5267.07
2020/4/8,2743.89,3780.34,5271.8
2020/4/9,2752.59,3792.81,5322.46
2020/4/10,2749.85,3769.18,5208.51
2020/4/13,2739.17,3753.26,5169.18
2020/4/14,2785.72,3825.7,5288.59
2020/4/15,2764.49,3797.36,5268.75
2020/4/16,2768.26,3802.38,5316.97
2020/4/17,2809.08,3839.49,5318.45
2020/4/20,2819.79,3853.46,5381.79
2020/4/21,2784.53,3808.05,5343.88
2020/4/22,2804.24,3839.38,5387.62
2020/4/23,2797.66,3829.75,5357.79
2020/4/24,2776.02,3796.97,5273.55
2020/4/27,2805.22,3822.77,5265.72
2020/4/28,2825.14,3849.15,5227.85
2020/4/29,2844.81,3867.03,5226.81
2020/4/30,2861.91,3912.58,5353.86
2020/5/6,2863.85,3936.25,5451.32
2020/5/7,2854.42,3924.89,5445.75
2020/5/8,2873.01,3963.62,5507.7
2020/5/11,2871.85,3960.18,5496.19
2020/5/12,2869.6,3960.24,5512.46
2020/5/13,2867.71,3968.25,5536.28
2020/5/14,2834.53,3925.22,5487.11
2020/5/15,2819.69,3912.82,5507.93
2020/5/18,2837.17,3922.91,5478.82
2020/5/19,2860.67,3956.25,5547.88
2020/5/20,2856.14,3935.22,5489.7
2020/5/21,2846.82,3913.79,5426.17
2020/5/22,2775.81,3824.06,5328.23
2020/5/25,2789.71,3829.32,5316.6
2020/5/26,2808.84,3872.77,5420.21
2020/5/27,2795.48,3845.61,5369.5
2020/5/28,2809.66,3856.63,5361.17
2020/5/29,2806.66,3867.02,5406.34
2020/6/1,2870.36,3971.34,5569.48
2020/6/2,2885.92,3983.57,5566.44
2020/6/3,2889.11,3983.65,5572.31
2020/6/4,2883.36,3982.19,5576.75
2020/6/5,2896.35,4001.25,5585.42
2020/6/8,2909.59,4021.95,5575.3
2020/6/9,2928.3,4047.03,5610.38
2020/6/10,2908.48,4039.71,5615.24
2020/6/11,2876.51,3995.88,5589.1
2020/6/12,2884.12,4003.08,5591.49
2020/6/15,2838.61,3954.99,5590.64
2020/6/16,2878.99,4014.57,5695.3
2020/6/17,2881.13,4017.59,5735.42
2020/6/18,2888.96,4044.38,5734.4
2020/6/19,2925.94,4098.71,5787.15
2020/6/22,2921.89,4102.05,5784.03
2020/6/23,2925.42,4121.79,5804.34
2020/6/24,2943.47,4138.99,5789.09
2020/6/29,2925.48,4109.72,5762.44
2020/6/30,2942.07,4163.96,5864.42
2020/7/1,3009.86,4247.78,5881.89
2020/7/2,3084.24,4335.84,5975.28
2020/7/3,3159.16,4419.6,6051.51
2020/7/6,3374.14,4670.09,6299.86
2020/7/7,3381.76,4698.13,6380.03
2020/7/8,3429.94,4774,6535.42
2020/7/9,3442.02,4840.77,6693.75
2020/7/10,3351.78,4753.13,6676.44
2020/7/13,3390.12,4852.96,6899.52
2020/7/14,3348.03,4806.69,6807.73
2020/7/15,3313.76,4744.47,6638.84
2020/7/16,3162.03,4516.25,6320
2020/7/17,3185.89,4544.7,6344.59
2020/7/20,3287.92,4680.3,6526.83
2020/7/21,3286.81,4691.04,6563.32
2020/7/22,3291.36,4714.45,6620.69
2020/7/23,3284.11,4712.44,6620.09
2020/7/24,3158.29,4505.59,6283.98
2020/7/27,3163.23,4528.45,6298.74
2020/7/28,3185.89,4568.26,6359.66
2020/7/29,3243.38,4679.01,6530.27
2020/7/30,3231.52,4656.15,6511.44
2020/7/31,3249.34,4695.05,6579.67
2020/8/3,3281.1,4771.31,6739.81
2020/8/4,3312.13,4775.8,6697.71
2020/8/5,3292.31,4777.11,6772.84
2020/8/6,3292.2,4762.76,6770.3
2020/8/7,3263.75,4707.93,6688.88
2020/8/10,3285.76,4724.87,6725.3
2020/8/11,3262.82,4681.78,6600.85
2020/8/12,3249.74,4647.64,6528.4
2020/8/13,3241.84,4635.71,6552.66
2020/8/14,3288.51,4704.63,6623.56
2020/8/17,3368.85,4815.23,6744.55
2020/8/18,3367.33,4812.76,6789.4
2020/8/19,3307.66,4740.68,6666.27
2020/8/20,3264.53,4679.15,6593.79
2020/8/21,3284.73,4718.84,6643.94
2020/8/24,3298.72,4755.85,6688.96
2020/8/25,3310.84,4761.95,6652.55
2020/8/26,3277.89,4706.13,6525.88
2020/8/27,3290.79,4731.35,6578.79
2020/8/28,3368.44,4844.27,6691.21
2020/8/31,3343.89,4816.22,6668.43
2020/9/1,3355.1,4842.12,6710.46
2020/9/2,3347.3,4843.89,6717.56
2020/9/3,3334.41,4817.1,6662.25
2020/9/4,3309.21,4770.22,6618.58
2020/9/7,3253.43,4669.37,6478.81
2020/9/8,3289.91,4694.39,6525.1
2020/9/9,3235.7,4584.59,6349.22
2020/9/10,3245.5,4581.98,6235.57
2020/9/11,3265.5,4627.28,6311.97
2020/9/14,3294.15,4651.05,6351.24
2020/9/15,3317.64,4688.48,6387.88
2020/9/16,3295.58,4657.36,6353.84
2020/9/17,3264.69,4632.71,6367.02
2020/9/18,3347.78,4737.09,6469.47
2020/9/21,3311.59,4691.43,6445.96
2020/9/22,3270.52,4635.76,6358.65
2020/9/23,3275.74,4652.33,6392.03
2020/9/24,3218.72,4563.07,6244.64
2020/9/25,3229.78,4570.02,6236.89
2020/9/28,3250.5,4581.91,6178.47
2020/9/29,3241.32,4591.8,6228.77
2020/9/30,3232.42,4587.4,6192.5
2020/10/9,3286.86,4681.14,6357.97
2020/10/12,3387.88,4823.16,6541.18
2020/10/13,3386.89,4839.2,6551.4
2020/10/14,3369.5,4807.1,6508.37
2020/10/15,3371.4,4798.74,6460.04
2020/10/16,3380.17,4791.68,6428.68
2020/10/19,3354.31,4755.49,6358.32
2020/10/20,3363.5,4793.47,6423.11
2020/10/21,3377.42,4792.83,6350.01
2020/10/22,3369.53,4777.98,6317.14
2020/10/23,3346.61,4718.49,6213.26
2020/10/26,3304.7,4691.24,6214.38
2020/10/27,3294.09,4699.28,6221.34
2020/10/28,3313.23,4737.27,6246
2020/10/29,3324.44,4772.92,6255.19
2020/10/30,3280.38,4695.33,6111.48
2020/11/2,3265.9,4720.83,6143.12
2020/11/3,3307.48,4777.56,6241.77
2020/11/4,3332.19,4813.66,6234.16
2020/11/5,3369.5,4885.11,6351.98
2020/11/6,3359.12,4885.72,6301.25
2020/11/9,3418.28,4981.35,6421.65
2020/11/10,3416.14,4953.88,6373.09
2020/11/11,3411.23,4904.9,6294.61
2020/11/12,3397.35,4908.46,6315.49
2020/11/13,3338.31,4856.85,6306.97
2020/11/16,3377.11,4904.17,6387.37
2020/11/17,3379.27,4894.79,6336.94
2020/11/18,3387.04,4891.67,6341.01
2020/11/19,3410.09,4927.99,6360.6
2020/11/20,3411.93,4943.29,6422.99
2020/11/23,3469.8,5005.03,6472.93
2020/11/24,3442.72,4974.29,6475.19
2020/11/25,3420.29,4910.7,6350.37
2020/11/26,3445.74,4919.59,6334.3
2020/11/27,3498.66,4980.77,6351.61
2020/11/30,3469.42,4960.25,6320.94
2020/12/1,3554.01,5067.1,6426.62
2020/12/2,3545.34,5067.14,6434.98
2020/12/3,3536.81,5057.06,6440.88
2020/12/4,3541.52,5065.92,6464.73
2020/12/7,3509.94,5022.24,6424.68
2020/12/8,3499.06,5009.88,6423.65
2020/12/9,3468.53,4942.7,6307.22
2020/12/10,3459.03,4940.52,6320.1
2020/12/11,3427.86,4889.63,6209.43
2020/12/14,3467.77,4934.84,6259.02
2020/12/15,3468.83,4945.1,6265.58
2020/12/16,3485.4,4953.87,6235.44
2020/12/17,3539.54,5017.48,6308.9
2020/12/18,3507.97,4999.97,6291.92
2020/12/21,3522.26,5046.84,6398.6
2020/12/22,3470.9,4964.77,6250.06
2020/12/23,3494.59,5007.12,6307.6
2020/12/24,3489.27,5000.02,6205.22
2020/12/25,3512.49,5042.01,6278.5
2020/12/28,3523.84,5064.41,6244.48
2020/12/29,3517.35,5042.94,6199.85
2020/12/30,3574.13,5113.71,6269.25
2020/12/31,3640.64,5211.29,6367.11
2021/1/4,3643.36,5267.72,6482.79
2021/1/5,3683.36,5368.5,6539.73
2021/1/6,3736.65,5417.67,6528.14
2021/1/7,3808.07,5513.66,6538.12
2021/1/8,3788.32,5495.43,6557.6
2021/1/11,3776.53,5441.16,6455.4
2021/1/12,3906.12,5596.35,6543.23
2021/1/13,3873.23,5577.97,6496.91
2021/1/14,3811.22,5470.46,6439.89
2021/1/15,3817.93,5458.08,6417.5
2021/1/18,3849.4,5518.52,6514.46
2021/1/19,3808.69,5437.52,6476.37
2021/1/20,3814.65,5476.43,6535.42
2021/1/21,3850.06,5564.97,6622.5
2021/1/22,3846.39,5569.78,6637.81
2021/1/25,3898.15,5625.92,6645.31
2021/1/26,3813.29,5512.97,6532.96
2021/1/27,3818.27,5528,6557.16
2021/1/28,3735.03,5377.14,6414.38
2021/1/29,3713.25,5351.96,6346.14
2021/2/1,3746.37,5417.65,6393.28
2021/2/2,3771.47,5501.09,6454.79
2021/2/3,3775.72,5485.2,6399.33
2021/2/4,3801.62,5473.95,6328.79
2021/2/5,3840.77,5483.41,6239.87
2021/2/8,3890.47,5564.56,6323.16
2021/2/9,3952.83,5686.25,6457.88
2021/2/10,4028.53,5807.72,6525.17
2021/2/18,4014.32,5768.38,6614.54
2021/2/19,4014.46,5778.84,6703.48
2021/2/22,3881.87,5597.33,6657.06
2021/2/23,3897.72,5579.67,6631.23
2021/2/24,3805.47,5437.57,6536.19
2021/2/25,3851.03,5469.56,6499.15
2021/2/26,3756.86,5336.76,6364.35
2021/3/1,3787.87,5418.78,6488.44
2021/3/2,3718.77,5349.63,6433.33
2021/3/3,3817.41,5452.21,6524.75
2021/3/4,3708.66,5280.71,6401.99
2021/3/5,3688.68,5262.8,6403.5
2021/3/8,3573.43,5080.02,6256.41
2021/3/9,3509.61,4971,6108
2021/3/10,3532.05,5003.61,6062.26
2021/3/11,3625.31,5128.22,6213.83
2021/3/12,3632.58,5146.38,6222.38
2021/3/15,3566.88,5035.54,6173.87
2021/3/16,3599.16,5079.36,6195.24
2021/3/17,3590.83,5100.86,6225.36
2021/3/18,3605.6,5141.77,6273.86
2021/3/19,3512.02,5007.09,6206.6
2021/3/22,3538.43,5057.15,6305.69
2021/3/23,3516.36,5009.25,6219.17
2021/3/24,3466.04,4928.69,6142.54
2021/3/25,3463.87,4926.35,6157.41
2021/3/26,3529.73,5037.99,6251.79
2021/3/29,3537.71,5046.88,6254.94
2021/3/30,3577.24,5094.73,6280.36
2021/3/31,3539.37,5048.36,6254.07
2021/4/1,3582.65,5110.78,6311.66
2021/4/2,3616.76,5161.56,6326.61
2021/4/6,3594.71,5140.34,6343.1
2021/4/7,3558.47,5103.74,6348.08
2021/4/8,3573.04,5112.21,6356.75
2021/4/9,3514.11,5035.34,6335.24
2021/4/12,3477.07,4947.75,6226.42
2021/4/13,3461.46,4939.64,6209.78
2021/4/14,3469.17,4980.63,6277.21
2021/4/15,3431.49,4948.97,6276.46
2021/4/16,3448.1,4966.18,6339.59
2021/4/19,3513.4,5087.02,6425.26
2021/4/20,3510.12,5083.37,6428.54
2021/4/21,3516.1,5098.74,6420.26
2021/4/22,3487.43,5089.24,6445.47
2021/4/23,3524.02,5135.45,6462.76
2021/4/26,3467.66,5077.24,6442.65
2021/4/27,3476.3,5090.52,6446.28
2021/4/28,3473.04,5119.24,6489.74
2021/4/29,3517.21,5164.17,6491.93
2021/4/30,3491.19,5123.49,6485.71
2021/5/6,3449.94,5061.12,6489.35
2021/5/7,3406.31,4996.05,6444.44
2021/5/10,3399.98,4992.42,6475.99
2021/5/11,3437.71,5023.06,6456.04
2021/5/12,3447.86,5044.55,6512.05
2021/5/13,3413.89,4992.97,6439.03
2021/5/14,3503.04,5110.59,6525.8
2021/5/17,3539.91,5184.99,6578.14
2021/5/18,3537.7,5187.6,6599.6
2021/5/19,3511.47,5172.27,6584.39
2021/5/20,3522.45,5186.41,6548.71
2021/5/21,3481.86,5134.15,6527.86
2021/5/24,3497.75,5155.59,6544.12
2021/5/25,3641.29,5318.48,6619.67
2021/5/26,3657.19,5320.59,6628.21
2021/5/27,3664.94,5338.23,6685.41
2021/5/28,3659.3,5321.09,6668.17
2021/5/31,3650.22,5331.57,6728.99
2021/6/1,3650.9,5341.68,6739.76
2021/6/2,3622.4,5289.97,6681.43
2021/6/3,3591.16,5255.29,6667.73
2021/6/4,3612.7,5282.28,6693.06
2021/6/7,3601.11,5277.63,6721.5
2021/6/8,3580.28,5232.12,6684.56
2021/6/9,3587.53,5236.45,6692.9
2021/6/10,3607.68,5271.47,6765.64
2021/6/11,3576.78,5224.7,6725.92
2021/6/15,3528.67,5166.56,6663.66
2021/6/16,3486.29,5080.49,6566.29
2021/6/17,3481.6,5101.89,6616.17
2021/6/18,3454.59,5102.47,6657.76
2021/6/21,3431.25,5090.39,6707.18
2021/6/22,3464.71,5122.16,6739.79
2021/6/23,3471.34,5147.39,6789.95
2021/6/24,3483.91,5155.97,6754.87
2021/6/25,3535.02,5239.97,6813.41
2021/6/28,3520.74,5251.76,6828.52
2021/6/29,3482.73,5190.54,6765.42
2021/6/30,3498.65,5224.04,6808.18
2021/7/1,3535.25,5229.66,6716.67
2021/7/2,3408.24,5081.12,6658.05
2021/7/5,3404.79,5085.79,6711.01
2021/7/6,3405.28,5083.1,6709.5
2021/7/7,3424.39,5140.49,6764.13
2021/7/8,3373.26,5088.26,6748.65
2021/7/9,3361.59,5069.44,6804.54
2021/7/12,3384.51,5132.71,6904.38
2021/7/13,3391.74,5142.1,6961.85
2021/7/14,3339.38,5083.08,6898.75
2021/7/15,3411.29,5151.46,6932.41
2021/7/16,3369.9,5094.77,6925.12
2021/7/19,3385.37,5113.49,6889.34
2021/7/20,3378.63,5108.99,6901.13
2021/7/21,3388.52,5144.04,6984.54
2021/7/22,3392.72,5151.75,7026.55
2021/7/23,3357.45,5089.23,6985.75
2021/7/26,3228.37,4925.3,6868.21
2021/7/27,3126.38,4751.31,6719.26
2021/7/28,3154.64,4760.48,6621.98
2021/7/29,3182.8,4850.27,6758.89
2021/7/30,3132.82,4811.17,6767.32
2021/8/2,3211.14,4933.74,6872
2021/8/3,3223.83,4934.46,6816.01
2021/8/4,3233.1,4978.85,6931.34
2021/8/5,3227.36,4948.67,6911.83
2021/8/6,3195.7,4921.56,6938.87
2021/8/9,3235.21,4985.56,6979.53
2021/8/10,3288.65,5043.15,7019.23
2021/8/11,3262.58,5015.34,7073.52
2021/8/12,3226.11,4973.35,7095.2
2021/8/13,3217.84,4945.98,7088.89
2021/8/16,3222.62,4941.07,7052.49
2021/8/17,3149.88,4837.4,6894.4
2021/8/18,3190.55,4894.24,6941.01
2021/8/19,3144.37,4862.14,6947.06
2021/8/20,3072.75,4769.27,6920.02
2021/8/23,3099.89,4835.88,7024.56
2021/8/24,3147.77,4888.39,7090.78
2021/8/25,3159.8,4898.16,7153
2021/8/26,3088.83,4801.61,7118.84
2021/8/27,3123.05,4827.04,7180.11
2021/8/30,3112.7,4813.27,7226.88
2021/8/31,3097.06,4805.61,7255.34
2021/9/1,3165.04,4869.46,7193.1
2021/9/2,3167.1,4869.41,7307.01
2021/9/3,3175.88,4843.06,7278.68
2021/9/6,3211.2,4933.73,7355.4
2021/9/7,3248.05,4992.83,7498.93
2021/9/8,3213.26,4972.13,7544.04
2021/9/9,3204.28,4970.01,7617.45
2021/9/10,3252.32,5013.52,7607.67
2021/9/13,3242.04,4991.66,7648.75
2021/9/14,3188.26,4917.16,7556.62
2021/9/15,3146.63,4867.32,7592.31
2021/9/16,3128.59,4807.7,7446.94
2021/9/17,3161.92,4855.94,7395.56
2021/9/22,3122.34,4821.77,7453.62
2021/9/23,3127.82,4853.2,7502.84
2021/9/24,3145.11,4849.43,7380.38
2021/9/27,3199.97,4877.37,7170.59
2021/9/28,3211.15,4883.83,7198.9
2021/9/29,3199.23,4833.93,7010.22
2021/9/30,3196.99,4866.38,7103.61
2021/10/8,3256.26,4929.94,7091.34
2021/10/11,3276.41,4936.19,7090.47
2021/10/12,3259.38,4883.84,6952.19
2021/10/13,3292.76,4940.11,6981.59
2021/10/14,3270.69,4913.61,7008.33
2021/10/15,3294.83,4932.11,7024.16
2021/10/18,3229.63,4874.78,7068.1
2021/10/19,3256.67,4922.72,7120.38
2021/10/20,3255,4910.18,7118.8
2021/10/21,3278.54,4928.02,7098.25
2021/10/22,3318.13,4959.73,7026.07
2021/10/25,3312.3,4979.52,7103.99
2021/10/26,3290.04,4963.1,7102.43
2021/10/27,3247.1,4898.16,7048.6
2021/10/28,3239.61,4864.14,6950.28
2021/10/29,3267.25,4908.77,7022.5
2021/11/1,3250.92,4890.69,7060.76
2021/11/2,3212.03,4839.85,6985.1
2021/11/3,3181.45,4821.11,7017.85
2021/11/4,3207.26,4868.74,7073.85
2021/11/5,3201.55,4842.35,6991.91
2021/11/8,3196.27,4848.18,7026.97
2021/11/9,3186.96,4846.74,7081.75
2021/11/10,3170.4,4821.19,7062.33
2021/11/11,3233.37,4898.65,7119.86
2021/11/12,3220.55,4888.37,7156.61
2021/11/15,3221.69,4882.38,7098.21
2021/11/16,3222.17,4883.32,7045.94
2021/11/17,3208.78,4885.75,7104.53
2021/11/18,3173.38,4837.62,7084.68
2021/11/19,3212.91,4890.06,7169.88
2021/11/22,3212.15,4912.4,7255.07
2021/11/23,3224.15,4913.35,7261.38
2021/11/24,3231.84,4916.66,7256.11
2021/11/25,3218.05,4896.44,7233.54
2021/11/26,3187.36,4860.13,7219.86
2021/11/29,3187.05,4851.42,7221.9
2021/11/30,3165.35,4832.03,7252.76
2021/12/1,3180.42,4843.85,7272.84
2021/12/2,3190.87,4856.16,7229.99
2021/12/3,3221.42,4901.02,7301.92
2021/12/6,3228.14,4892.62,7240.46
2021/12/7,3254.5,4922.1,7206.83
2021/12/8,3304.71,4995.93,7302.99
2021/12/9,3360.18,5078.69,7320.32
2021/12/10,3353.63,5055.12,7306.65
2021/12/13,3366.07,5083.8,7353.03
2021/12/14,3350.5,5049.7,7324.13
2021/12/15,3318.98,5005.9,7314.26
2021/12/16,3330.86,5034.73,7381
2021/12/17,3278.9,4954.76,7314.56
2021/12/20,3255.35,4880.42,7195.97
2021/12/21,3273.03,4913.49,7275.47
2021/12/22,3260.57,4914.45,7302.46
2021/12/23,3287.19,4948.74,7337.19
2021/12/24,3290.24,4921.34,7278.76
2021/12/27,3278.44,4919.32,7272.75
2021/12/28,3303.4,4955.96,7286.03
2021/12/29,3240.85,4883.48,7247.77
2021/12/30,3261.79,4921.51,7310.96
2021/12/31,3274.32,4940.37,7359.4
2022/1/4,3264.07,4917.77,7354.46
2022/1/5,3254.28,4868.12,7222.67
2022/1/6,3210.39,4818.23,7229.96
2022/1/7,3223.27,4822.37,7175.68
2022/1/10,3236.12,4844.05,7191.45
2022/1/11,3214.53,4797.77,7135.22
2022/1/12,3236.31,4845.58,7196.93
2022/1/13,3184.11,4765.92,7097.76
2022/1/14,3139.05,4726.73,7081.14
2022/1/17,3147.7,4767.28,7157.86
2022/1/18,3187.52,4813.35,7163.16
2022/1/19,3187.19,4780.38,7118.76
2022/1/20,3233.7,4823.51,7056.79
2022/1/21,3218.74,4779.31,6976.62
2022/1/24,3209.74,4786.74,6979.25
2022/1/25,3144.95,4678.45,6743.96
2022/1/26,3163.67,4712.31,6782.58
2022/1/27,3119.24,4619.88,6605.92
2022/1/28,3054.02,4563.77,6580.53
2022/2/7,3114.26,4634.09,6676.61
2022/2/8,3116.5,4608.77,6742.19
2022/2/9,3139.56,4652.06,6843.03
2022/2/10,3145.11,4639.86,6840.49
2022/2/11,3142.91,4601.4,6745.02
2022/2/14,3104,4551.69,6695.7
2022/2/15,3119.93,4600.1,6760.28
2022/2/16,3136.08,4617.99,6772.03
2022/2/17,3139.18,4629.16,6768.79
2022/2/18,3162.82,4651.24,6835.02
2022/2/21,3144.86,4634.31,6867.11
2022/2/22,3102.32,4574.15,6784.76
2022/2/23,3118.04,4623.05,6887.42
2022/2/24,3059.64,4529.32,6764.88
2022/2/25,3075.59,4573.42,6819.43
2022/2/28,3080.78,4581.65,6853.31
2022/3/1,3125.69,4619.69,6874.04
2022/3/2,3107.24,4578.6,6875.24
2022/3/3,3097.09,4551.63,6859.55
2022/3/4,3062.38,4496.43,6803.83
2022/3/7,2974.68,4352.78,6659.39
2022/3/8,2933.16,4265.39,6429.89
2022/3/9,2907.18,4226.35,6305.61
2022/3/10,2933.46,4292.84,6414.94
2022/3/11,2935.68,4306.52,6474.13
2022/3/14,2851.88,4174.76,6323.58
2022/3/15,2702.85,3983.81,5964.98
2022/3/16,2827.75,4156.08,6156.27
2022/3/17,2877.22,4237.7,6267.52
2022/3/18,2913.19,4265.9,6332.22
2022/3/21,2892.11,4258.75,6358.94
2022/3/22,2900.77,4255.3,6358.11
2022/3/23,2916.51,4276.52,6398.1
2022/3/24,2903.62,4251.31,6344.12
2022/3/25,2856.43,4174.57,6268.24
2022/3/28,2853.18,4148.47,6283.28
2022/3/29,2842.15,4134.14,6253.07
2022/3/30,2915.49,4254.1,6377.87
2022/3/31,2898.83,4222.6,6324.96
2022/4/1,2943.24,4276.16,6364.52
2022/4/6,2931.2,4263.84,6356.93
2022/4/7,2902.48,4209.1,6221.59
2022/4/8,2925.49,4230.77,6224.12
2022/4/11,2846.38,4100.07,6029.89
2022/4/12,2894.26,4179.97,6126.91
2022/4/13,2882.28,4139.74,6044.33
2022/4/14,2928.6,4191.57,6126.49
2022/4/15,2930.58,4188.75,6070.75
2022/4/18,2887.72,4166.38,6074.01
2022/4/19,2861.57,4134.9,6092.4
2022/4/20,2835.35,4070.79,5956.92
2022/4/21,2797.53,3995.83,5759.8
2022/4/22,2814.13,4013.25,5740.98
2022/4/25,2683.41,3814.91,5369.72
2022/4/26,2681.03,3784.12,5234.01
2022/4/27,2734.54,3895.54,5437.04
2022/4/28,2769.71,3921.11,5418.76
2022/4/29,2805.34,4016.24,5627.9
2022/5/5,2800.93,4010.21,5686.7
2022/5/6,2719.76,3908.82,5563.77
2022/5/9,2695.13,3877.44,5608.52
2022/5/10,2718.37,3919.87,5690.09
2022/5/11,2741.23,3976.42,5737.82
2022/5/12,2721.77,3958.74,5743.1
2022/5/13,2748.24,3988.6,5796.8
2022/5/16,2720.41,3956.54,5791.08
2022/5/17,2756.74,4005.89,5816.34
2022/5/18,2745.53,3991.91,5797.49
2022/5/19,2744.55,3999.6,5838.41
2022/5/20,2807.94,4077.6,5929.49
2022/5/23,2782.55,4053.98,5965.73
2022/5/24,2734.19,3959.15,5745.68
2022/5/25,2743.42,3983.18,5844.25
2022/5/26,2744.9,3993.04,5911.56
2022/5/27,2763.07,4001.3,5899.92
2022/5/30,2778.45,4029.02,5942.83
2022/5/31,2813.22,4091.52,6026.24
2022/6/1,2798.07,4083.18,6023.64
2022/6/2,2790.32,4089.57,6078.43
2022/6/6,2825.65,4166.09,6187.44
2022/6/7,2846.81,4179.13,6186.57
2022/6/8,2879.31,4219.81,6217.83
2022/6/9,2868.42,4175.67,6130.69
2022/6/10,2899.58,4238.99,6240.1
2022/6/13,2844.72,4189.35,6233.62
2022/6/14,2882.7,4222.31,6275.57
2022/6/15,2923.99,4278.22,6261.06
2022/6/16,2891.34,4250.06,6264.82
2022/6/17,2936.2,4309.04,6316.31
2022/6/20,2924.92,4330.43,6330.39
2022/6/21,2926.48,4325.57,6277
2022/6/22,2892.29,4270.62,6179.57
2022/6/23,2935.88,4343.88,6300.47
2022/6/24,2974.75,4394.77,6368.28
2022/6/27,3013.95,4444.26,6407.74
2022/6/28,3039.41,4490.52,6501.35
2022/6/29,3009.24,4421.36,6374.3
2022/6/30,3058.4,4485.01,6454.08
2022/7/1,3045.27,4466.72,6438.54
2022/7/4,3050.15,4496.03,6523.13
2022/7/5,3052.11,4489.54,6511.53
2022/7/6,2996.73,4423.97,6418.55
2022/7/7,2989.21,4443.47,6452.99
2022/7/8,2993.31,4428.78,6404.44
2022/7/11,2942.3,4354.62,6319.14
2022/7/12,2922,4313.62,6241.48
2022/7/13,2914.29,4321.46,6268.49
2022/7/14,2895.3,4322.07,6302.43
2022/7/15,2839.39,4248.53,6196.8
2022/7/18,2878.64,4292.59,6312.36
2022/7/19,2865.6,4269.34,6335.71
2022/7/20,2874.08,4283.8,6410.71
2022/7/21,2836.66,4236.06,6347.6
2022/7/22,2848.44,4238.23,6289.53
2022/7/25,2837.26,4212.64,6231.24
2022/7/26,2854.64,4245.98,6307.96
2022/7/27,2829.92,4225.04,6332.23
2022/7/28,2827.11,4225.67,6348.17
2022/7/29,2792.33,4170.1,6294.11
2022/8/1,2781.68,4188.68,6347.22
2022/8/2,2730.76,4107.02,6170
2022/8/3,2710.72,4066.98,6124.31
2022/8/4,2741.09,4101.54,6158.73
2022/8/5,2774.34,4156.91,6270.51
2022/8/8,2761.16,4148.07,6323.07
2022/8/9,2764.07,4156.29,6341.48
2022/8/10,2730.96,4109.74,6322.06
2022/8/11,2787.06,4193.54,6439.36
2022/8/12,2796.89,4191.15,6420.85
2022/8/15,2782.67,4185.68,6442.81
2022/8/16,2769.26,4177.84,6465.19
2022/8/17,2785.85,4216.96,6493.5
2022/8/18,2759.29,4180.1,6468.81
2022/8/19,2750.63,4151.07,6391.72
2022/8/22,2756.37,4181.4,6472.68
2022/8/23,2735.67,4161.08,6466.4
2022/8/24,2708.09,4082.42,6284.58
2022/8/25,2752.56,4116.24,6322.7
2022/8/26,2751.59,4107.55,6298.37
2022/8/29,2732.21,4089.52,6310.4
2022/8/30,2726.66,4075.79,6285.93
2022/8/31,2761.78,4078.84,6155.75
2022/9/1,2732.4,4043.74,6126.77
2022/9/2,2711.26,4023.61,6149.43
2022/9/5,2697.77,4015.43,6182.65
2022/9/6,2724.5,4052.28,6291.57
2022/9/7,2710.69,4054.98,6301.56
2022/9/8,2708.28,4037.68,6272.58
2022/9/9,2757.57,4093.79,6316.97
2022/9/13,2769.23,4111.11,6300.42
2022/9/14,2745.43,4065.36,6249.96
2022/9/15,2743.79,4027.12,6107.8
2022/9/16,2678.03,3932.68,5954.5
2022/9/19,2679.59,3928,5913.15
2022/9/20,2673.88,3932.84,5958.29
2022/9/21,2652.21,3903.73,5978.58
2022/9/22,2629.37,3869.34,5965.89
2022/9/23,2629.81,3856.02,5889.6
2022/9/26,2614.9,3836.68,5806.32
2022/9/27,2642.92,3892.3,5920.05
2022/9/28,2611.98,3828.71,5769.52
2022/9/29,2608.98,3827.14,5771.88
2022/9/30,2610.12,3804.89,5714.06
2022/10/10,2545.05,3720.94,5635.71
2022/10/11,2539.95,3727.69,5684.51
2022/10/12,2555.02,3784.31,5820.45
2022/10/13,2523.63,3752.67,5830.34
2022/10/14,2584.68,3842.47,5973.44
2022/10/17,2585.5,3846.41,6015.6
2022/10/18,2569.97,3838.27,6035.67
2022/10/19,2519.9,3776.53,5972.72
2022/10/20,2501.5,3754.93,5948.86
2022/10/21,2487.22,3742.89,5956.88
2022/10/24,2392.6,3633.37,5896.9
2022/10/25,2394.92,3627.45,5869.78
2022/10/26,2400.52,3656.9,5971.6
2022/10/27,2381.26,3631.14,5963
2022/10/28,2326.94,3541.33,5781.8
2022/10/31,2295.92,3508.7,5807.11
2022/11/1,2396.63,3634.17,5941.15
2022/11/2,2418.32,3677.81,5997.8
2022/11/3,2387.45,3647.9,5996.72
2022/11/4,2468.28,3767.17,6133.46
2022/11/7,2477.77,3775.3,6141.41
2022/11/8,2459.09,3749.33,6134.26
2022/11/9,2440.35,3714.27,6120.83
2022/11/10,2440.32,3685.69,6089.7
2022/11/11,2518.05,3788.44,6138.62
2022/11/14,2538.3,3794.02,6129.51
2022/11/15,2583.72,3865.97,6236.38
2022/11/16,2572.89,3834.39,6203.92
2022/11/17,2560.02,3818.66,6217.21
2022/11/18,2546.72,3801.57,6191.65
2022/11/21,2514.85,3769.13,6189.71
2022/11/22,2531.34,3769.57,6125.4
2022/11/23,2535.52,3773.53,6115.6
2022/11/24,2520.56,3756.81,6120.07
2022/11/25,2544.61,3775.78,6087.86
2022/11/28,2503.62,3733.24,6055.28
2022/11/29,2607.75,3848.42,6163.82
2022/11/30,2606.54,3853.04,6156.15
2022/12/1,2631.21,3894.77,6186.1
2022/12/2,2614.61,3870.95,6168.01
2022/12/5,2676.14,3946.88,6215.12
2022/12/6,2684.85,3968.2,6211.25
2022/12/7,2670.65,3958.44,6204.01
2022/12/8,2672.9,3959.18,6186.28
2022/12/9,2706.74,3998.24,6192.3
2022/12/12,2673.94,3953.44,6154.81
2022/12/13,2676.9,3945.68,6121.66
2022/12/14,2686.37,3954.89,6096.39
2022/12/15,2675.19,3951.99,6101.88
2022/12/16,2688.29,3954.23,6072.86
2022/12/19,2646.18,3893.22,5936.48
2022/12/20,2599.49,3829.02,5878.03
2022/12/21,2607.42,3830.54,5845.84
2022/12/22,2619.76,3836.03,5779.06
2022/12/23,2615.88,3828.22,5763.35
2022/12/26,2607.52,3843.49,5843.26
2022/12/27,2632.45,3887.85,5885.66
2022/12/28,2638.31,3871.26,5862.1
2022/12/29,2622.07,3856.7,5857.4
2022/12/30,2635.25,3871.63,5864.47
2023/1/3,2641.42,3887.9,5955.9
2023/1/4,2651.01,3892.95,5952.45
2023/1/5,2700.31,3968.58,6010.46
2023/1/6,2713.63,3980.89,6012.82
2023/1/9,2742.2,4013.12,6040.02
2023/1/10,2733.62,4017.47,6048.3
2023/1/11,2740.19,4010.03,6014.16
2023/1/12,2741.95,4017.87,6015.29
2023/1/13,2787.36,4074.38,6057.69
2023/1/16,2834.29,4137.96,6126.18
2023/1/17,2827.03,4137.24,6132.64
2023/1/18,2810.09,4130.31,6151.46
2023/1/19,2820.81,4156.01,6204.33
2023/1/20,2836.81,4181.53,6251.43
2023/1/30,2839.12,4201.35,6283.33
2023/1/31,2807.95,4156.86,6289.15
2023/2/1,2820.87,4195.93,6365.91
2023/2/2,2811.85,4181.15,6370.14
2023/2/3,2774.8,4141.63,6343.69
2023/2/6,2735,4086.88,6302.33
2023/2/7,2740.44,4094.23,6317.24
2023/2/8,2731.25,4076.14,6268.28
2023/2/9,2761.87,4130.86,6354.56
2023/2/10,2746.72,4106.31,6334.25
2023/2/13,2767.79,4143.57,6383.83
2023/2/14,2776.98,4145.29,6397.21
2023/2/15,2752.34,4123.69,6384.35
2023/2/16,2742.8,4093.49,6289.48
2023/2/17,2714.29,4034.51,6237.41
2023/2/20,2788.4,4133.49,6346.07
2023/2/21,2802.14,4144.35,6383.42
2023/2/22,2769.34,4106.95,6375.07
2023/2/23,2767.54,4103.65,6360.32
2023/2/24,2727.59,4061.05,6340.84
2023/2/27,2723.58,4043.84,6307.21
2023/2/28,2737.15,4069.46,6357.54
2023/3/1,2773.65,4126.94,6402.14
2023/3/2,2769.11,4117.74,6382.23
2023/3/3,2774.51,4130.55,6390.32
2023/3/6,2744.14,4109.01,6395.22
2023/3/7,2713.17,4048.85,6284.3
2023/3/8,2691.93,4034.11,6301.52
2023/3/9,2671.84,4019.85,6285.95
2023/3/10,2636.39,3967.14,6204.9
2023/3/13,2664.04,4008.69,6245
2023/3/14,2645.11,3984.7,6189.4
2023/3/15,2648.39,3986.9,6224.64
2023/3/16,2622.82,3939.15,6140.83
2023/3/17,2628.59,3958.82,6183.18
2023/3/20,2616.75,3939.08,6160.35
2023/3/21,2643.36,3982.38,6234.68
2023/3/22,2651.53,3999.44,6269.74
2023/3/23,2668.67,4039.09,6305.76
2023/3/24,2653.29,4027.05,6310.1
2023/3/27,2639.62,4012.48,6311.6
2023/3/28,2638.74,3999.51,6279.92
2023/3/29,2636.22,4006.14,6260.55
2023/3/30,2664.21,4038.53,6286.18
2023/3/31,2661.92,4050.93,6339.82
2023/4/3,2665.72,4090.57,6413.81
2023/4/4,2675.92,4103.11,6408.9
2023/4/6,2666.45,4096.64,6416.85
2023/4/7,2684.86,4123.28,6464.47
2023/4/10,2684.91,4104.81,6410.52
2023/4/11,2680.04,4100.15,6420.88
2023/4/12,2665.77,4097.29,6443.44
2023/4/13,2670.01,4068.98,6404.65
2023/4/14,2679.01,4092,6431.07
2023/4/17,2732.97,4149.38,6459.24
2023/4/18,2744.45,4162.03,6449.85
2023/4/19,2720.72,4124.56,6416.97
2023/4/20,2704.86,4113.02,6411.76
2023/4/21,2654.21,4032.57,6250.54
2023/4/24,2618.48,3982.64,6208.78
2023/4/25,2619.23,3962.67,6118.15
2023/4/26,2617.98,3959.23,6142.15
2023/4/27,2650.57,3988.42,6157.94
2023/4/28,2677.76,4029.09,6241.24
,,,
Wind,,,